﻿<?xml version="1.0" ?>
<SyncCustomerPartyMaster languageCode="en-US" releaseID="9.2" systemEnvironmentCode="Production" versionID="2.12.2">
  <ApplicationArea>
    <Sender>
      <LogicalID>lid://infor.sx.sx</LogicalID>
    </Sender>
    <CreationDateTime>2024-03-20T17:26:53Z</CreationDateTime>
    <BODID>infor-nid:HDSUPPLY_PRD:10::173144:1?CustomerPartyMaster&amp;verb=Sync</BODID>
  </ApplicationArea>
  <DataArea>
    <Sync>
      <TenantID>HDSUPPLY_PRD</TenantID>
      <AccountingEntityID>10</AccountingEntityID>
      <ActionCriteria>
        <ActionExpression actionCode="Replace"></ActionExpression>
      </ActionCriteria>
    </Sync>
    <CustomerPartyMaster category="Organization">
      <PartyIDs>
        <ID accountingEntity="10" lid="lid://infor.sx.sx" variationID="13863849">173144</ID>
      </PartyIDs>
      <Name languageID="en-US">SODEXO CANADA</Name>
      <Location>
        <Address type="Text">
          <AddressLine languageID="en-US" sequence="1">100-1 SMELTER SITE RD.</AddressLine>
          <CityName>KITIMAT</CityName>
          <CountrySubDivisionCode>BC</CountrySubDivisionCode>
          <CountryCode>CA</CountryCode>
          <PostalCode>V8C2H2</PostalCode>
        </Address>
        <Address type="Discrete">
          <BuildingNumber>100-1</BuildingNumber>
          <StreetName>SMELTER SITE RD.</StreetName>
          <CityName>KITIMAT</CityName>
          <CountrySubDivisionCode>BC</CountrySubDivisionCode>
          <CountryCode>CA</CountryCode>
          <PostalCode>V8C2H2</PostalCode>
        </Address>
      </Location>
      <LastModificationDateTime>2024-03-20T15:11:00Z</LastModificationDateTime>
      <LastModificationPerson>
        <IDs>
          <ID>sys</ID>
        </IDs>
        <Name languageID="en-US">sys</Name>
      </LastModificationPerson>
      <Communication>
        <ChannelCode>Phone</ChannelCode>
        <UseCode>Office</UseCode>
        <DialNumber>2506390816</DialNumber>
      </Communication>
      <Communication>
        <ChannelCode>EMail</ChannelCode>
        <UseCode>Office</UseCode>
        <URI>cvlap.ca@sodexo.com</URI>
      </Communication>
      <LanguageCode>en-US</LanguageCode>
      <PaymentTermID>N30</PaymentTermID>
      <PaymentTermCode>N30</PaymentTermCode>
      <PaymentMethodCode>Account</PaymentMethodCode>
      <Note entryDateTime="2022-11-15T16:12:00Z" languageID="en-US" noteID="1" use="Internal">cvlap.ca@sodexo.com - e-mailed past due invoices requesting payment details.</Note>
      <Note entryDateTime="2022-11-15T16:43:00Z" languageID="en-US" noteID="2" use="Internal">3468898-00 has been re-billed to this account RE: From account 5095345 (Property Improvement) account New invoice | oe rbill-3545726-00 | po-66924</Note>
      <Note entryDateTime="2022-11-17T22:35:00Z" languageID="en-US" noteID="3" use="Internal">Payment processing 11/19</Note>
      <Note entryDateTime="2023-05-01T19:30:00Z" languageID="en-US" noteID="4" use="Internal">cvlap.ca@sodexo.com - E-mailed</Note>
      <Note entryDateTime="2023-05-04T17:08:00Z" languageID="en-US" noteID="5" use="Internal">Eyob.Ahmed@sodexo.com - re: 358469-00 - processed for payment.</Note>
      <Note entryDateTime="2023-09-01T19:02:00Z" languageID="en-US" noteID="6" use="Internal">Deepkumar.Patel@sodexo.com.  - E-mailed outstanding July invoice - Eyob is away.</Note>
      <Note entryDateTime="2023-09-15T20:50:00Z" languageID="en-US" noteID="7" use="Internal">Left vm message for Eyob.  E-mailed both July and now Aug unpaid invoices requesting status of payment.</Note>
      <Note entryDateTime="2023-09-18T12:52:00Z" languageID="en-US" noteID="8" use="Internal">INV#36196700 has been processed and payment will be made on 23 Sept 2023.  Eyod further confirmed additional pending invoice is being also processed.</Note>
      <Note entryDateTime="2023-10-10T13:49:00Z" languageID="en-US" noteID="9" use="Internal">Eyob.Ahmed@sodexo.com - E-mailed copies of all invoices ( past due balance) Payment was confirmed being sent 9/26</Note>
      <Note entryDateTime="2023-10-10T19:29:00Z" languageID="en-US" noteID="10" use="Internal">cheque date - 9/28 on July invoice - 73093546 chq # Cheque date - 10/10 - paying August invoice Sept invoices - paying Nov 10th per Eyob.</Note>
      <Note entryDateTime="2023-10-19T21:15:00Z" languageID="en-US" noteID="11" use="Internal">E-mailed Eyob list of further outstanding invoices.  Still not received in payment of 10/11</Note>
      <Note entryDateTime="2023-10-20T12:11:00Z" languageID="en-US" noteID="12" use="Internal">3634109-00 paid on cheque processed 10/12 3652290-00 Cheque processing 11/24 Per Eyod.</Note>
      <Note entryDateTime="2023-10-20T12:21:00Z" languageID="en-US" noteID="13" use="Internal">in queue for payment processing today - 3583460-03 per Mary</Note>
      <Note entryDateTime="2023-11-30T16:13:00Z" languageID="en-US" noteID="14" use="Internal">cvlap.ca@sodexo.com - E-mailed copies of September invoices.</Note>
      <Note entryDateTime="2023-12-04T13:23:00Z" languageID="en-US" noteID="15" use="Internal">Invoices scheduled for payment 11/29.</Note>
      <Note entryDateTime="2023-12-21T20:30:00Z" languageID="en-US" noteID="16" use="Internal">E-mailed copies of outstanding invoices - pays at 60 days.</Note>
      <Note entryDateTime="2024-01-31T13:24:00Z" languageID="en-US" noteID="17" use="Internal">CA CVLAP &lt;cvlap.ca@sodexo.com&gt; - E-mailed copies of November invoices.</Note>
      <Note entryDateTime="2024-01-31T21:52:00Z" languageID="en-US" noteID="18" use="Internal">CA CVLAP &lt;CVLAP.CA@sodexo.com&gt; Eyob Ahmed confirmed November invoices now processing for payment.</Note>
      <Note entryDateTime="2024-03-19T12:59:00Z" languageID="en-US" noteID="19" use="Internal">CA CVLAP &lt;cvlap.ca@sodexo.com&gt; - e-mailed outstanding Feb invoice.</Note>
      <Note entryDateTime="2024-03-20T17:26:00Z" languageID="en-US" noteID="20" use="Internal">3691512-00 - paying on cheque 73102512. dated March 3rd per Eyob.</Note>
      <UserArea>
        <Property>
          <NameValue name="SXe_user3" type="SX">n</NameValue>
        </Property>
        <Property>
          <NameValue name="SXe_user4" type="SX">C</NameValue>
        </Property>
        <Property>
          <NameValue name="SXe_user5" type="SX">ofue-s1   </NameValue>
        </Property>
        <Property>
          <NameValue name="SXe_user10" type="SX">N</NameValue>
        </Property>
        <Property>
          <NameValue name="SXe_user11" type="SX">1702831</NameValue>
        </Property>
        <Property>
          <NameValue name="SXe_user12" type="SX">REY RANAS</NameValue>
        </Property>
        <Property>
          <NameValue name="SXe_user21" type="SX">03/21/22</NameValue>
        </Property>
        <Property>
          <NameValue name="SXe_user23" type="SX">03/21/22</NameValue>
        </Property>
        <Property>
          <NameValue name="arsc.addonnum2" type="integer">2</NameValue>
        </Property>
        <Property>
          <NameValue name="arsc.addonnum4" type="integer">9</NameValue>
        </Property>
        <Property>
          <NameValue name="arsc.addr1" type="string">100-1 SMELTER SITE RD.</NameValue>
        </Property>
        <Property>
          <NameValue name="arsc.addressoverfl" type="logical">false</NameValue>
        </Property>
        <Property>
          <NameValue name="arsc.ardatcty" type="string">p</NameValue>
        </Property>
        <Property>
          <NameValue name="arsc.avgpaydays" type="integer">69</NameValue>
        </Property>
        <Property>
          <NameValue name="arsc.bankno" type="integer">21</NameValue>
        </Property>
        <Property>
          <NameValue name="arsc.billdirectaddon" type="string">n</NameValue>
        </Property>
        <Property>
          <NameValue name="arsc.bofl" type="logical">true</NameValue>
        </Property>
        <Property>
          <NameValue name="arsc.cashrecfl" type="logical">false</NameValue>
        </Property>
        <Property>
          <NameValue name="arsc.cashreqfl" type="logical">false</NameValue>
        </Property>
        <Property>
          <NameValue name="arsc.ccblockfl" type="logical">false</NameValue>
        </Property>
        <Property>
          <NameValue name="arsc.cdcfl" type="logical">false</NameValue>
        </Property>
        <Property>
          <NameValue name="arsc.city" type="string">KITIMAT</NameValue>
        </Property>
        <Property>
          <NameValue name="arsc.cono" type="integer">10</NameValue>
        </Property>
        <Property>
          <NameValue name="arsc.costytd" type="decimal">5788.63</NameValue>
        </Property>
        <Property>
          <NameValue name="arsc.countrycd" type="string">CA</NameValue>
        </Property>
        <Property>
          <NameValue name="arsc.creditmgr" type="string">0016</NameValue>
        </Property>
        <Property>
          <NameValue name="arsc.credlim" type="decimal">25000</NameValue>
        </Property>
        <Property>
          <NameValue name="arsc.custno" type="decimal">173144</NameValue>
        </Property>
        <Property>
          <NameValue name="arsc.custordbal" type="decimal">185.89</NameValue>
        </Property>
        <Property>
          <NameValue name="arsc.custperiodbal2" type="decimal">9708.3</NameValue>
        </Property>
        <Property>
          <NameValue name="arsc.custprodfl" type="logical">false</NameValue>
        </Property>
        <Property>
          <NameValue name="arsc.custprodreqfl" type="logical">false</NameValue>
        </Property>
        <Property>
          <NameValue name="arsc.custtype" type="string">L07</NameValue>
        </Property>
        <Property>
          <NameValue name="arsc.custuncashbal" type="decimal">-218.93</NameValue>
        </Property>
        <Property>
          <NameValue name="arsc.cyclecd" type="string">200</NameValue>
        </Property>
        <Property>
          <NameValue name="arsc.divno" type="integer">220</NameValue>
        </Property>
        <Property>
          <NameValue name="arsc.dnbinocallfl" type="logical">false</NameValue>
        </Property>
        <Property>
          <NameValue name="arsc.dunningfl" type="logical">false</NameValue>
        </Property>
        <Property>
          <NameValue name="arsc.easntype" type="string">e</NameValue>
        </Property>
        <Property>
          <NameValue name="arsc.edi840fl" type="logical">false</NameValue>
        </Property>
        <Property>
          <NameValue name="arsc.edicatprodfl" type="logical">false</NameValue>
        </Property>
        <Property>
          <NameValue name="arsc.edijitfl" type="logical">false</NameValue>
        </Property>
        <Property>
          <NameValue name="arsc.edinsprodfl" type="logical">true</NameValue>
        </Property>
        <Property>
          <NameValue name="arsc.ediprcfl" type="logical">false</NameValue>
        </Property>
        <Property>
          <NameValue name="arsc.ediprintnotesfl" type="logical">false</NameValue>
        </Property>
        <Property>
          <NameValue name="arsc.editermsfl" type="logical">false</NameValue>
        </Property>
        <Property>
          <NameValue name="arsc.einvtype" type="string">m</NameValue>
        </Property>
        <Property>
          <NameValue name="arsc.email" type="string">cvlap.ca@sodexo.com</NameValue>
        </Property>
        <Property>
          <NameValue name="arsc.enterdt" type="date">2021-11-22</NameValue>
        </Property>
        <Property>
          <NameValue name="arsc.esbactioncode" type="string">Replace</NameValue>
        </Property>
        <Property>
          <NameValue name="arsc.fpcustfl" type="logical">false</NameValue>
        </Property>
        <Property>
          <NameValue name="arsc.highbal" type="decimal">25057.04</NameValue>
        </Property>
        <Property>
          <NameValue name="arsc.holdpercd" type="integer">3</NameValue>
        </Property>
        <Property>
          <NameValue name="arsc.inbndfrtfl" type="logical">false</NameValue>
        </Property>
        <Property>
          <NameValue name="arsc.langcd" type="string">EN</NameValue>
        </Property>
        <Property>
          <NameValue name="arsc.lastagedt" type="date">2024-03-20</NameValue>
        </Property>
        <Property>
          <NameValue name="arsc.lastagedttz" type="datetime-tz">03/20/2024 11:11:18.948-04:00</NameValue>
        </Property>
        <Property>
          <NameValue name="arsc.lastcostytd" type="decimal">30448.77</NameValue>
        </Property>
        <Property>
          <NameValue name="arsc.lastpayamt" type="decimal">212.75</NameValue>
        </Property>
        <Property>
          <NameValue name="arsc.lastpaydt" type="date">2024-03-07</NameValue>
        </Property>
        <Property>
          <NameValue name="arsc.lastpaydttz" type="datetime-tz">03/07/2024 15:59:18.236-05:00</NameValue>
        </Property>
        <Property>
          <NameValue name="arsc.lastsaleamt" type="decimal">9708.3</NameValue>
        </Property>
        <Property>
          <NameValue name="arsc.lastsaledt" type="date">2024-02-12</NameValue>
        </Property>
        <Property>
          <NameValue name="arsc.lastsaledttz" type="datetime-tz">02/12/2024 03:00:07.229+00:00</NameValue>
        </Property>
        <Property>
          <NameValue name="arsc.lastsalesytd" type="decimal">48305.56</NameValue>
        </Property>
        <Property>
          <NameValue name="arsc.linetermsfl" type="logical">false</NameValue>
        </Property>
        <Property>
          <NameValue name="arsc.lnshipcompfl" type="logical">false</NameValue>
        </Property>
        <Property>
          <NameValue name="arsc.lookupnm" type="string">CANADA-SODEXO</NameValue>
        </Property>
        <Property>
          <NameValue name="arsc.lrrewardno" type="int64">0</NameValue>
        </Property>
        <Property>
          <NameValue name="arsc.mansalesfl" type="logical">false</NameValue>
        </Property>
        <Property>
          <NameValue name="arsc.manusesalesrepfl" type="logical">false</NameValue>
        </Property>
        <Property>
          <NameValue name="arsc.name" type="string">SODEXO CANADA</NameValue>
        </Property>
        <Property>
          <NameValue name="arsc.noinv" type="integer">28</NameValue>
        </Property>
        <Property>
          <NameValue name="arsc.noinvcopy" type="integer">1</NameValue>
        </Property>
        <Property>
          <NameValue name="arsc.nontaxtype" type="string">R</NameValue>
        </Property>
        <Property>
          <NameValue name="arsc.nopastdue" type="integer">27</NameValue>
        </Property>
        <Property>
          <NameValue name="arsc.nopay" type="integer">27</NameValue>
        </Property>
        <Property>
          <NameValue name="arsc.notesfl" type="string">*</NameValue>
        </Property>
        <Property>
          <NameValue name="arsc.npclaimacctfl" type="logical">false</NameValue>
        </Property>
        <Property>
          <NameValue name="arsc.ordbal" type="decimal">185.89</NameValue>
        </Property>
        <Property>
          <NameValue name="arsc.outbndfrtfl" type="logical">false</NameValue>
        </Property>
        <Property>
          <NameValue name="arsc.outofcityfl" type="logical">false</NameValue>
        </Property>
        <Property>
          <NameValue name="arsc.pastduedt" type="date">2024-03-07</NameValue>
        </Property>
        <Property>
          <NameValue name="arsc.pastduedttz" type="datetime-tz">03/07/2024 15:59:18.236-05:00</NameValue>
        </Property>
        <Property>
          <NameValue name="arsc.periodbal2" type="decimal">9708.3</NameValue>
        </Property>
        <Property>
          <NameValue name="arsc.phoneno" type="string">2506390816</NameValue>
        </Property>
        <Property>
          <NameValue name="arsc.picklabelsize" type="string">L</NameValue>
        </Property>
        <Property>
          <NameValue name="arsc.pickprtfl" type="logical">false</NameValue>
        </Property>
        <Property>
          <NameValue name="arsc.pmcashfl" type="logical">false</NameValue>
        </Property>
        <Property>
          <NameValue name="arsc.poreqfl" type="logical">true</NameValue>
        </Property>
        <Property>
          <NameValue name="arsc.pricecd" type="integer">1</NameValue>
        </Property>
        <Property>
          <NameValue name="arsc.ptxapfl" type="logical">false</NameValue>
        </Property>
        <Property>
          <NameValue name="arsc.ptxarfl" type="logical">false</NameValue>
        </Property>
        <Property>
          <NameValue name="arsc.ptxtransbillfl" type="logical">false</NameValue>
        </Property>
        <Property>
          <NameValue name="arsc.ptxtype" type="string">STD</NameValue>
        </Property>
        <Property>
          <NameValue name="arsc.restricteditfl" type="logical">false</NameValue>
        </Property>
        <Property>
          <NameValue name="arsc.salesmgrfl" type="logical">true</NameValue>
        </Property>
        <Property>
          <NameValue name="arsc.salesterr" type="string">SODX</NameValue>
        </Property>
        <Property>
          <NameValue name="arsc.salesytd" type="decimal">8040</NameValue>
        </Property>
        <Property>
          <NameValue name="arsc.securfl" type="logical">false</NameValue>
        </Property>
        <Property>
          <NameValue name="arsc.selltype" type="string">y</NameValue>
        </Property>
        <Property>
          <NameValue name="arsc.servchgfl" type="logical">false</NameValue>
        </Property>
        <Property>
          <NameValue name="arsc.shipreqfl" type="logical">true</NameValue>
        </Property>
        <Property>
          <NameValue name="arsc.shipvialockfl" type="logical">false</NameValue>
        </Property>
        <Property>
          <NameValue name="arsc.shipviaty" type="string">BEST</NameValue>
        </Property>
        <Property>
          <NameValue name="arsc.shopifyfl" type="logical">false</NameValue>
        </Property>
        <Property>
          <NameValue name="arsc.slsrepin" type="string">mmid</NameValue>
        </Property>
        <Property>
          <NameValue name="arsc.slsrepout" type="string">HDPH</NameValue>
        </Property>
        <Property>
          <NameValue name="arsc.spcdefaultty" type="string">i</NameValue>
        </Property>
        <Property>
          <NameValue name="arsc.srallownegoverfl" type="logical">false</NameValue>
        </Property>
        <Property>
          <NameValue name="arsc.state" type="string">BC</NameValue>
        </Property>
        <Property>
          <NameValue name="arsc.statecd" type="string">BC</NameValue>
        </Property>
        <Property>
          <NameValue name="arsc.statementty" type="string">N</NameValue>
        </Property>
        <Property>
          <NameValue name="arsc.statustype" type="logical">true</NameValue>
        </Property>
        <Property>
          <NameValue name="arsc.subfl" type="logical">true</NameValue>
        </Property>
        <Property>
          <NameValue name="arsc.swexaddfl1" type="logical">false</NameValue>
        </Property>
        <Property>
          <NameValue name="arsc.swexaddfl2" type="logical">false</NameValue>
        </Property>
        <Property>
          <NameValue name="arsc.swexaddfl3" type="logical">false</NameValue>
        </Property>
        <Property>
          <NameValue name="arsc.swexaddfl4" type="logical">false</NameValue>
        </Property>
        <Property>
          <NameValue name="arsc.synccrmfl" type="logical">true</NameValue>
        </Property>
        <Property>
          <NameValue name="arsc.syncmddfl" type="logical">true</NameValue>
        </Property>
        <Property>
          <NameValue name="arsc.taxablety" type="string">Y</NameValue>
        </Property>
        <Property>
          <NameValue name="arsc.taxauth" type="string">dom</NameValue>
        </Property>
        <Property>
          <NameValue name="arsc.taxcert" type="string">1000-6569</NameValue>
        </Property>
        <Property>
          <NameValue name="arsc.taxreg" type="string">1000-6569</NameValue>
        </Property>
        <Property>
          <NameValue name="arsc.tendqtyfl" type="logical">false</NameValue>
        </Property>
        <Property>
          <NameValue name="arsc.termstype" type="string">N30</NameValue>
        </Property>
        <Property>
          <NameValue name="arsc.uncashbal" type="decimal">-218.93</NameValue>
        </Property>
        <Property>
          <NameValue name="arsc.unearnedfl" type="logical">true</NameValue>
        </Property>
        <Property>
          <NameValue name="arsc.user10" type="string">N</NameValue>
        </Property>
        <Property>
          <NameValue name="arsc.user11" type="string">1702831</NameValue>
        </Property>
        <Property>
          <NameValue name="arsc.user12" type="string">REY RANAS</NameValue>
        </Property>
        <Property>
          <NameValue name="arsc.usesettcalcfl" type="logical">false</NameValue>
        </Property>
        <Property>
          <NameValue name="arsc.vatvariablefl" type="logical">false</NameValue>
        </Property>
        <Property>
          <NameValue name="arsc.whse" type="string">0220</NameValue>
        </Property>
        <Property>
          <NameValue name="arsc.wlscmlblmixtxt" type="string">Mixed</NameValue>
        </Property>
        <Property>
          <NameValue name="arsc.zipcd" type="string">V8C2H2</NameValue>
        </Property>
        <Property>
          <NameValue name="Bank" type="SX">21</NameValue>
        </Property>
        <Property>
          <NameValue name="Division" type="SX">220</NameValue>
        </Property>
        <Property>
          <NameValue name="InvoiceEmail" type="string">cvlap.ca@sodexo.com</NameValue>
        </Property>
        <Property>
          <NameValue name="SXe.Class" type="integer">0</NameValue>
        </Property>
        <Property>
          <NameValue name="SXe.CustType" type="string">L07</NameValue>
        </Property>
        <Property>
          <NameValue name="SXe.SICCD1" type="integer">0</NameValue>
        </Property>
        <Property>
          <NameValue name="SXe.SICCD2" type="integer">0</NameValue>
        </Property>
        <Property>
          <NameValue name="SXe.SICCD3" type="integer">0</NameValue>
        </Property>
        <Property>
          <NameValue name="SXe.Whse" type="string">0220</NameValue>
        </Property>
      </UserArea>
      <Status>
        <Code>Open</Code>
      </Status>
      <ShipOrderComplete>false</ShipOrderComplete>
      <ShipLineComplete>false</ShipLineComplete>
      <CurrencyCode>CAD</CurrencyCode>
      <Classification type="Codes">
        <Codes>
          <Code accountingEntity="10" listID="Territories" sequence="1">SODX</Code>
          <Code accountingEntity="10" listID="Customer Types" sequence="2">L07</Code>
          <Code accountingEntity="10" listID="PaymentTerm" sequence="3">N30</Code>
          <Code accountingEntity="10" listID="Whse" sequence="4">0220</Code>
          <Code accountingEntity="10" listID="Division" sequence="5">220</Code>
          <Code accountingEntity="10" listID="Shopify" sequence="6">false</Code>
        </Codes>
      </Classification>
      <DefaultShipFromWarehouseLocation>
        <ID accountingEntity="10">0220</ID>
      </DefaultShipFromWarehouseLocation>
      <DefaultShipToParty>
        <PartyIDs>
          <ID accountingEntity="10">173144</ID>
        </PartyIDs>
        <Name languageID="en-US">SODEXO CANADA</Name>
        <Location>
          <Address type="Text">
            <AddressLine languageID="en-US" sequence="1">100-1 SMELTER SITE RD.</AddressLine>
            <CityName>KITIMAT</CityName>
            <CountrySubDivisionCode>BC</CountrySubDivisionCode>
            <CountryCode>CA</CountryCode>
            <PostalCode>V8C2H2</PostalCode>
          </Address>
          <Address type="Discrete">
            <BuildingNumber>100-1</BuildingNumber>
            <StreetName>SMELTER SITE RD.</StreetName>
            <CityName>KITIMAT</CityName>
            <CountrySubDivisionCode>BC</CountrySubDivisionCode>
            <CountryCode>CA</CountryCode>
            <PostalCode>V8C2H2</PostalCode>
          </Address>
        </Location>
      </DefaultShipToParty>
      <CarrierParty>
        <PartyIDs>
          <ID accountingEntity="10">BEST</ID>
        </PartyIDs>
        <Name>BEST WAY</Name>
      </CarrierParty>
      <CustomerAccount>
        <TotalCreditLimitAmount currencyID="CAD">25000</TotalCreditLimitAmount>
        <TotalCreditLimitBaseAmount currencyID="CAD">25000</TotalCreditLimitBaseAmount>
        <TotalCreditLimitReportAmount currencyID="CAD">25000</TotalCreditLimitReportAmount>
      </CustomerAccount>
      <SalesPersonReference>
        <IDs>
          <ID accountingEntity="10">HDPH</ID>
        </IDs>
        <Name languageID="en-US">ALEXANDRA DZIGDA</Name>
        <SalesPersonRole>External</SalesPersonRole>
      </SalesPersonReference>
      <SalesPersonReference>
        <IDs>
          <ID accountingEntity="10">mmid</ID>
        </IDs>
        <Name languageID="en-US">Michael Midensky</Name>
        <SalesPersonRole>Internal</SalesPersonRole>
      </SalesPersonReference>
      <CreditAnalystPerson>
        <ID>0016</ID>
        <Name languageID="en-US">Val Duke</Name>
      </CreditAnalystPerson>
    </CustomerPartyMaster>
  </DataArea>
</SyncCustomerPartyMaster>