﻿<?xml version="1.0" encoding="utf-8"?>
<CustomerNotes>
  <CustomerNote>
    <PartyIDs>173144</PartyIDs>
    <Note>cvlap.ca@sodexo.com - e-mailed past due invoices requesting payment details.</Note>
  </CustomerNote>
  <CustomerNote>
    <PartyIDs>173144</PartyIDs>
    <Note>3468898-00 has been re-billed to this account RE: From account 5095345 (Property Improvement) account New invoice | oe rbill-3545726-00 | po-66924</Note>
  </CustomerNote>
  <CustomerNote>
    <PartyIDs>173144</PartyIDs>
    <Note>Payment processing 11/19</Note>
  </CustomerNote>
  <CustomerNote>
    <PartyIDs>173144</PartyIDs>
    <Note>cvlap.ca@sodexo.com - E-mailed</Note>
  </CustomerNote>
  <CustomerNote>
    <PartyIDs>173144</PartyIDs>
    <Note>Eyob.Ahmed@sodexo.com - re: 358469-00 - processed for payment.</Note>
  </CustomerNote>
  <CustomerNote>
    <PartyIDs>173144</PartyIDs>
    <Note>Deepkumar.Patel@sodexo.com.  - E-mailed outstanding July invoice - Eyob is away.</Note>
  </CustomerNote>
  <CustomerNote>
    <PartyIDs>173144</PartyIDs>
    <Note>Left vm message for Eyob.  E-mailed both July and now Aug unpaid invoices requesting status of payment.</Note>
  </CustomerNote>
  <CustomerNote>
    <PartyIDs>173144</PartyIDs>
    <Note>INV#36196700 has been processed and payment will be made on 23 Sept 2023.  Eyod further confirmed additional pending invoice is being also processed.</Note>
  </CustomerNote>
  <CustomerNote>
    <PartyIDs>173144</PartyIDs>
    <Note>Eyob.Ahmed@sodexo.com - E-mailed copies of all invoices ( past due balance) Payment was confirmed being sent 9/26</Note>
  </CustomerNote>
  <CustomerNote>
    <PartyIDs>173144</PartyIDs>
    <Note>cheque date - 9/28 on July invoice - 73093546 chq # Cheque date - 10/10 - paying August invoice Sept invoices - paying Nov 10th per Eyob.</Note>
  </CustomerNote>
  <CustomerNote>
    <PartyIDs>173144</PartyIDs>
    <Note>E-mailed Eyob list of further outstanding invoices.  Still not received in payment of 10/11</Note>
  </CustomerNote>
  <CustomerNote>
    <PartyIDs>173144</PartyIDs>
    <Note>3634109-00 paid on cheque processed 10/12 3652290-00 Cheque processing 11/24 Per Eyod.</Note>
  </CustomerNote>
  <CustomerNote>
    <PartyIDs>173144</PartyIDs>
    <Note>in queue for payment processing today - 3583460-03 per Mary</Note>
  </CustomerNote>
  <CustomerNote>
    <PartyIDs>173144</PartyIDs>
    <Note>cvlap.ca@sodexo.com - E-mailed copies of September invoices.</Note>
  </CustomerNote>
  <CustomerNote>
    <PartyIDs>173144</PartyIDs>
    <Note>Invoices scheduled for payment 11/29.</Note>
  </CustomerNote>
  <CustomerNote>
    <PartyIDs>173144</PartyIDs>
    <Note>E-mailed copies of outstanding invoices - pays at 60 days.</Note>
  </CustomerNote>
  <CustomerNote>
    <PartyIDs>173144</PartyIDs>
    <Note>CA CVLAP &lt;cvlap.ca@sodexo.com&gt; - E-mailed copies of November invoices.</Note>
  </CustomerNote>
  <CustomerNote>
    <PartyIDs>173144</PartyIDs>
    <Note>CA CVLAP &lt;CVLAP.CA@sodexo.com&gt; Eyob Ahmed confirmed November invoices now processing for payment.</Note>
  </CustomerNote>
  <CustomerNote>
    <PartyIDs>173144</PartyIDs>
    <Note>CA CVLAP &lt;cvlap.ca@sodexo.com&gt; - e-mailed outstanding Feb invoice.</Note>
  </CustomerNote>
  <CustomerNote>
    <PartyIDs>173144</PartyIDs>
    <Note>3691512-00 - paying on cheque 73102512. dated March 3rd per Eyob.</Note>
  </CustomerNote>
</CustomerNotes>