﻿PartyIDs,Note
173144,cvlap.ca@sodexo.com - e-mailed past due invoices requesting payment details.
173144,3468898-00 has been re-billed to this account RE: From account 5095345 (Property Improvement) account New invoice | oe rbill-3545726-00 | po-66924
173144,Payment processing 11/19
173144,cvlap.ca@sodexo.com - E-mailed
173144,Eyob.Ahmed@sodexo.com - re: 358469-00 - processed for payment.
173144,Deepkumar.Patel@sodexo.com.  - E-mailed outstanding July invoice - Eyob is away.
173144,Left vm message for Eyob.  E-mailed both July and now Aug unpaid invoices requesting status of payment.
173144,INV#36196700 has been processed and payment will be made on 23 Sept 2023.  Eyod further confirmed additional pending invoice is being also processed.
173144,Eyob.Ahmed@sodexo.com - E-mailed copies of all invoices ( past due balance) Payment was confirmed being sent 9/26
173144,cheque date - 9/28 on July invoice - 73093546 chq # Cheque date - 10/10 - paying August invoice Sept invoices - paying Nov 10th per Eyob.
173144,E-mailed Eyob list of further outstanding invoices.  Still not received in payment of 10/11
173144,3634109-00 paid on cheque processed 10/12 3652290-00 Cheque processing 11/24 Per Eyod.
173144,in queue for payment processing today - 3583460-03 per Mary
173144,cvlap.ca@sodexo.com - E-mailed copies of September invoices.
173144,Invoices scheduled for payment 11/29.
173144,E-mailed copies of outstanding invoices - pays at 60 days.
173144,CA CVLAP <cvlap.ca@sodexo.com> - E-mailed copies of November invoices.
173144,CA CVLAP <CVLAP.CA@sodexo.com> Eyob Ahmed confirmed November invoices now processing for payment.
173144,CA CVLAP <cvlap.ca@sodexo.com> - e-mailed outstanding Feb invoice.
173144,3691512-00 - paying on cheque 73102512. dated March 3rd per Eyob.
