﻿<?xml version="1.0" encoding="utf-8"?>
<SalesOrder>
  <CreationDateTime>2024-03-20T18:00:18Z</CreationDateTime>
  <BODID>infor-nid:HDSUPPLY_PRD:10:0200:3686262-00:1?SalesOrder&amp;verb=Sync</BODID>
  <TenantID>HDSUPPLY_PRD</TenantID>
  <AccountingEntityID>10</AccountingEntityID>
  <DocumentID>3686262-00</DocumentID>
  <RevisionID>0</RevisionID>
  <AlternateDocumentID>Asanka/Joe</AlternateDocumentID>
  <EDI855OuT>no</EDI855OuT>
  <SXe_OrderDisposition>S</SXe_OrderDisposition>
  <SXe_EDITermsCode>14</SXe_EDITermsCode>
  <SXe_EDITermsDescription>ZZ</SXe_EDITermsDescription>
  <SXe_EnteredDate>2024-02-01</SXe_EnteredDate>
  <SXe_ShippingInstructions>Asanka (416) 964-1465</SXe_ShippingInstructions>
  <SXe_TotalQtyOrd>51</SXe_TotalQtyOrd>
  <SXe_TotalQtyShip>51</SXe_TotalQtyShip>
  <SXe_TotalLines>2</SXe_TotalLines>
  <SXe_AckType>AC</SXe_AckType>
  <LastModificationDateTime>2024-03-20T18:00:00Z</LastModificationDateTime>
  <DocumentDateTime>2024-02-01T14:33:00Z</DocumentDateTime>
  <Description>Stock Order</Description>
  <OrderTypeCode>Stock Order</OrderTypeCode>
  <Note>Asanka (416) 964-1465</Note>
  <StatusCode>Hold</StatusCode>
  <StatusDescription>1</StatusDescription>
  <StatusEffectiveDateTime></StatusEffectiveDateTime>
  <StatusReasonCode>h</StatusReasonCode>
  <ExtendedAmount>733.20</ExtendedAmount>
  <ExtendedBaseAmount>733.20</ExtendedBaseAmount>
  <TotalAmount>828.52</TotalAmount>
  <TotalBaseAmount>828.52</TotalBaseAmount>
  <TotalReportAmount>828.52</TotalReportAmount>
  <BillToPartyID>171114</BillToPartyID>
  <BillToPartyName>KRUGARAND CORP</BillToPartyName>
  <BillToPartyCommunication>(416)964-1465/    </BillToPartyCommunication>
  <CarrierPartyID>BEST</CarrierPartyID>
  <CarrierPartyName>BEST WAY</CarrierPartyName>
  <TransportationMethodCode>BEST</TransportationMethodCode>
  <PartialShipmentAllowedIndicator>true</PartialShipmentAllowedIndicator>
  <DropShipmentAllowedIndicator>true</DropShipmentAllowedIndicator>
  <EarlyShipmentAllowedIndicator>true</EarlyShipmentAllowedIndicator>
  <TaxExemptIndicator>false</TaxExemptIndicator>
  <ShipToPartyID>171114-100</ShipToPartyID>
  <ShipToPartyName>KRUGARAND CORP</ShipToPartyName>
  <ShipToPartyCommunication>(416)964-1465/    </ShipToPartyCommunication>
  <Address>80 BLOOR ST. W.STE 505</Address>
  <CityName>TORONTO</CityName>
  <CountrySubDivisionCode>ON</CountrySubDivisionCode>
  <CountryCode>CA</CountryCode>
  <PostalCode>M5S2V1</PostalCode>
  <SXe_user3>(416) 964-1465</SXe_user3>
  <SXe_user4>Asanka Gurusinghd</SXe_user4>
  <Division>200</Division>
  <oeeh_addontype1>true</oeeh_addontype1>
  <oeeh_addontype2>true</oeeh_addontype2>
  <oeeh_addontype3>true</oeeh_addontype3>
  <oeeh_addontype4>true</oeeh_addontype4>
  <oeeh_addoverfl1>false</oeeh_addoverfl1>
  <oeeh_addoverfl2>false</oeeh_addoverfl2>
  <oeeh_addoverfl3>false</oeeh_addoverfl3>
  <oeeh_addoverfl4>false</oeeh_addoverfl4>
  <oeeh_addressoverfl>false</oeeh_addressoverfl>
  <oeeh_addtaxgroup1>1</oeeh_addtaxgroup1>
  <oeeh_addtaxgroup2>1</oeeh_addtaxgroup2>
  <oeeh_addtaxgroup3>1</oeeh_addtaxgroup3>
  <oeeh_addtaxgroup4>1</oeeh_addtaxgroup4>
  <oeeh_apprinit>lbar</oeeh_apprinit>
  <oeeh_approvintlty>y</oeeh_approvintlty>
  <oeeh_approvty>h</oeeh_approvty>
  <oeeh_autoaltwhsefl>false</oeeh_autoaltwhsefl>
  <oeeh_autoapplycreditfl>false</oeeh_autoapplycreditfl>
  <oeeh_billdirectaddon>n</oeeh_billdirectaddon>
  <oeeh_billonrcptfl>false</oeeh_billonrcptfl>
  <oeeh_boexistsfl>false</oeeh_boexistsfl>
  <oeeh_bofl>true</oeeh_bofl>
  <oeeh_bolinefl>false</oeeh_bolinefl>
  <oeeh_borelfl>false</oeeh_borelfl>
  <oeeh_bostage>2</oeeh_bostage>
  <oeeh_btprintfl>true</oeeh_btprintfl>
  <oeeh_bulkfl>false</oeeh_bulkfl>
  <oeeh_ccnonrefundfl>false</oeeh_ccnonrefundfl>
  <oeeh_codfl>false</oeeh_codfl>
  <oeeh_confirmctnfl>false</oeeh_confirmctnfl>
  <oeeh_cono>10</oeeh_cono>
  <oeeh_countrycd>CA</oeeh_countrycd>
  <oeeh_createdt>2024-02-01</oeeh_createdt>
  <oeeh_createdttz>02/01/2024 14:33:48.119-05:00</oeeh_createdttz>
  <oeeh_credoverfl>true</oeeh_credoverfl>
  <oeeh_custno>171114</oeeh_custno>
  <oeeh_custpo>Asanka/Joe</oeeh_custpo>
  <oeeh_datcoverfl>false</oeeh_datcoverfl>
  <oeeh_dexfl>false</oeeh_dexfl>
  <oeeh_divno>200</oeeh_divno>
  <oeeh_dlvprintty>n</oeeh_dlvprintty>
  <oeeh_doreturnfl>false</oeeh_doreturnfl>
  <oeeh_drexpfl>false</oeeh_drexpfl>
  <oeeh_drholdfl>false</oeeh_drholdfl>
  <oeeh_dwnpmttype>true</oeeh_dwnpmttype>
  <oeeh_enterdt>2024-02-01</oeeh_enterdt>
  <oeeh_enterdttz>02/01/2024 14:33:48.119-05:00</oeeh_enterdttz>
  <oeeh_entertm>1433</oeeh_entertm>
  <oeeh_esbediasnfl>false</oeeh_esbediasnfl>
  <oeeh_esbedicustpoackfl>false</oeeh_esbedicustpoackfl>
  <oeeh_esbediinvfl>false</oeeh_esbediinvfl>
  <oeeh_esbinvoicefl>false</oeeh_esbinvoicefl>
  <oeeh_esbquotefl>false</oeeh_esbquotefl>
  <oeeh_esbsalesorderfl>false</oeeh_esbsalesorderfl>
  <oeeh_esbserviceordervarid>0</oeeh_esbserviceordervarid>
  <oeeh_esbshipmentfl>false</oeeh_esbshipmentfl>
  <oeeh_fulfillmentordfl>false</oeeh_fulfillmentordfl>
  <oeeh_fulfillmentsplitfl>false</oeeh_fulfillmentsplitfl>
  <oeeh_fulfillmenttiedfl>false</oeeh_fulfillmenttiedfl>
  <oeeh_gsttype>d</oeeh_gsttype>
  <oeeh_inbndfrtfl>false</oeeh_inbndfrtfl>
  <oeeh_invverifyty>n</oeeh_invverifyty>
  <oeeh_langcd>EN</oeeh_langcd>
  <oeeh_linefl>false</oeeh_linefl>
  <oeeh_lockfl>false</oeeh_lockfl>
  <oeeh_lumpbillfl>false</oeeh_lumpbillfl>
  <oeeh_lumppricefl>false</oeeh_lumppricefl>
  <oeeh_manzonefl>false</oeeh_manzonefl>
  <oeeh_nextlineno>3</oeeh_nextlineno>
  <oeeh_noinvoicefl>false</oeeh_noinvoicefl>
  <oeeh_nolineitem>2</oeeh_nolineitem>
  <oeeh_notimeschg>3</oeeh_notimeschg>
  <oeeh_oeunlinkdotiesfl>false</oeeh_oeunlinkdotiesfl>
  <oeeh_orderdisp>S</oeeh_orderdisp>
  <oeeh_orderno>3686262</oeeh_orderno>
  <oeeh_ordersuf>0</oeeh_ordersuf>
  <oeeh_origcanfl>false</oeeh_origcanfl>
  <oeeh_origincd>CRM</oeeh_origincd>
  <oeeh_origincopyty>Q</oeeh_origincopyty>
  <oeeh_originorderno>3686262</oeeh_originorderno>
  <oeeh_origpromisedt>2024-01-09</oeeh_origpromisedt>
  <oeeh_origpromisedtlockedfl>true</oeeh_origpromisedtlockedfl>
  <oeeh_origpromisedttz>01/09/2024 14:33:48.119-05:00</oeeh_origpromisedttz>
  <oeeh_outbndfrtfl>false</oeeh_outbndfrtfl>
  <oeeh_outofcityfl>false</oeeh_outofcityfl>
  <oeeh_pickprtfl>false</oeeh_pickprtfl>
  <oeeh_placedby>Asanka</oeeh_placedby>
  <oeeh_pmfl>true</oeeh_pmfl>
  <oeeh_prevaddtype>true</oeeh_prevaddtype>
  <oeeh_pricecd>1</oeeh_pricecd>
  <oeeh_printpckfl>true</oeeh_printpckfl>
  <oeeh_printpricefl>true</oeeh_printpricefl>
  <oeeh_promisedt>2024-01-09</oeeh_promisedt>
  <oeeh_promisedttz>01/09/2024 15:26:45.941-05:00</oeeh_promisedttz>
  <oeeh_pstlicenseno>HARMONIZED</oeeh_pstlicenseno>
  <oeeh_recoveryfl>false</oeeh_recoveryfl>
  <oeeh_reqshipdt>2024-01-09</oeeh_reqshipdt>
  <oeeh_reqshipdttz>01/09/2024 15:26:45.941-05:00</oeeh_reqshipdttz>
  <oeeh_salesexrate>1</oeeh_salesexrate>
  <oeeh_shipinstr>Asanka (416) 964-1465</oeeh_shipinstr>
  <oeeh_shipmentnotice>N</oeeh_shipmentnotice>
  <oeeh_shipto>100</oeeh_shipto>
  <oeeh_shiptoaddr1>80 BLOOR ST. W.</oeeh_shiptoaddr1>
  <oeeh_shiptoaddr2>STE 505</oeeh_shiptoaddr2>
  <oeeh_shiptocity>TORONTO</oeeh_shiptocity>
  <oeeh_shiptonm>KRUGARAND CORP</oeeh_shiptonm>
  <oeeh_shiptost>ON</oeeh_shiptost>
  <oeeh_shiptozip>M5S2V1</oeeh_shiptozip>
  <oeeh_shipviaty>BEST</oeeh_shipviaty>
  <oeeh_slsrepin>HDPH</oeeh_slsrepin>
  <oeeh_slsrepout>TO10</oeeh_slsrepout>
  <oeeh_srautoborfl>false</oeeh_srautoborfl>
  <oeeh_sroassemblyfl>false</oeeh_sroassemblyfl>
  <oeeh_stagecd>1</oeeh_stagecd>
  <oeeh_statecd>ON</oeeh_statecd>
  <oeeh_stordty>false</oeeh_stordty>
  <oeeh_subfl>true</oeeh_subfl>
  <oeeh_takenby>s004</oeeh_takenby>
  <oeeh_taxablefl>true</oeeh_taxablefl>
  <oeeh_taxamt4>95.32</oeeh_taxamt4>
  <oeeh_taxauth>dom</oeeh_taxauth>
  <oeeh_taxdefltty>s</oeeh_taxdefltty>
  <oeeh_taxoverfl>false</oeeh_taxoverfl>
  <oeeh_taxsaleamt1>733.2</oeeh_taxsaleamt1>
  <oeeh_taxsaleamt21>733.2</oeeh_taxsaleamt21>
  <oeeh_termslinefl>false</oeeh_termslinefl>
  <oeeh_termstype>N30</oeeh_termstype>
  <oeeh_tmsfl>false</oeeh_tmsfl>
  <oeeh_totcost>402.79</oeeh_totcost>
  <oeeh_totcostord>402.79</oeeh_totcostord>
  <oeeh_totinvamt>828.52</oeeh_totinvamt>
  <oeeh_totinvord>828.52</oeeh_totinvord>
  <oeeh_totlineamt>733.2</oeeh_totlineamt>
  <oeeh_totlineord>733.2</oeeh_totlineord>
  <oeeh_totordamt>733.2</oeeh_totordamt>
  <oeeh_totprice>733.2</oeeh_totprice>
  <oeeh_totqtyord>51</oeeh_totqtyord>
  <oeeh_totqtyshp>51</oeeh_totqtyshp>
  <oeeh_transtype>so</oeeh_transtype>
  <oeeh_usestepfl>false</oeeh_usestepfl>
  <oeeh_whse>0200</oeeh_whse>
  <oeeh_wodiscoverfl>false</oeeh_wodiscoverfl>
  <oeeh_wodisctype>false</oeeh_wodisctype>
  <sasta_descrip-oeeh_shipviaty>BEST WAY</sasta_descrip-oeeh_shipviaty>
  <SXe_arsc_user10>N</SXe_arsc_user10>
  <SXe_arsc_user11>395044</SXe_arsc_user11>
  <SXe_arsc_user12>KEN HILL</SXe_arsc_user12>
  <SXe_arsc_user21>03/21/22</SXe_arsc_user21>
  <SXe_arsc_user23>03/21/22</SXe_arsc_user23>
  <SXe_arsc_user4>C</SXe_arsc_user4>
  <SXe_arsc_user5>ofue-id</SXe_arsc_user5>
  <SXe_arss_user10>Y</SXe_arss_user10>
  <SXe_arss_user11>395044</SXe_arss_user11>
  <SXe_arss_user12>KEN HILL</SXe_arss_user12>
  <SXe_arss_user21>03/21/22</SXe_arss_user21>
  <SXe_arss_user23>12/06/23</SXe_arss_user23>
  <SXe_arss_user4>C</SXe_arss_user4>
  <SXe_arss_user5>ofue-id   </SXe_arss_user5>
  <SXe_sasc_user3>C9DE66AF-F15C-4C4B-A82D-F4ABDE66B368</SXe_sasc_user3>
  <SXe_sasc_user6>360.00000</SXe_sasc_user6>
  <TransactionSourceCode>CRM</TransactionSourceCode>
  <RequestedShipDateTime>2024-01-09</RequestedShipDateTime>
  <PromisedShipDateTime>2024-01-09</PromisedShipDateTime>
  <BackOrderIndicator>true</BackOrderIndicator>
  <ExtendedPretaxAmount>733.20</ExtendedPretaxAmount>
  <ExtendedPretaxBaseAmount>733.20</ExtendedPretaxBaseAmount>
  <ExtendedPretaxReportAmount>733.20</ExtendedPretaxReportAmount>
  <SubTotalAmount>733.20</SubTotalAmount>
  <SubTotalBaseAmount>733.20</SubTotalBaseAmount>
  <SubTotalReportAmount>733.20</SubTotalReportAmount>
  <CurrencyCode>CAD</CurrencyCode>
</SalesOrder>