﻿<?xml version="1.0" encoding="utf-8"?>
<SalesOrderSalesPersonReferences>
  <SalesOrderSalesPersonReference>
    <PartyIDs>171114</PartyIDs>
    <accountingEntity>10</accountingEntity>
    <ID>TO10</ID>
    <Name>Jonathan Bravo</Name>
    <SalesPersonRole>External</SalesPersonRole>
  </SalesOrderSalesPersonReference>
  <SalesOrderSalesPersonReference>
    <PartyIDs>171114</PartyIDs>
    <accountingEntity>10</accountingEntity>
    <ID>HDPH</ID>
    <Name>ALEXANDRA DZIGDA</Name>
    <SalesPersonRole>Internal</SalesPersonRole>
  </SalesOrderSalesPersonReference>
  <SalesOrderSalesPersonReference>
    <PartyIDs>171114</PartyIDs>
    <accountingEntity>10</accountingEntity>
    <ID>s004</ID>
    <Name>Tony Makhoul</Name>
    <SalesPersonRole>TakenBy</SalesPersonRole>
  </SalesOrderSalesPersonReference>
</SalesOrderSalesPersonReferences>