﻿<?xml version="1.0" encoding="utf-8"?>
<CustomerSalesPersonReferences>
  <CustomerSalesPersonReference>
    <PartyIDs>173144</PartyIDs>
    <accountingEntity>10</accountingEntity>
    <ID>HDPH</ID>
    <Name>ALEXANDRA DZIGDA</Name>
    <SalesPersonRole>External</SalesPersonRole>
  </CustomerSalesPersonReference>
  <CustomerSalesPersonReference>
    <PartyIDs>173144</PartyIDs>
    <accountingEntity>10</accountingEntity>
    <ID>mmid</ID>
    <Name>Michael Midensky</Name>
    <SalesPersonRole>Internal</SalesPersonRole>
  </CustomerSalesPersonReference>
</CustomerSalesPersonReferences>