﻿<?xml version="1.0" encoding="utf-8"?>
<Customer>
  <CreationDateTime>2024-03-20T17:26:53Z</CreationDateTime>
  <BODID>infor-nid:HDSUPPLY_PRD:10::173144:1?CustomerPartyMaster&amp;verb=Sync</BODID>
  <TenantID>HDSUPPLY_PRD</TenantID>
  <AccountingEntityID>10</AccountingEntityID>
  <CustomerPartyMasterName>SODEXO CANADA</CustomerPartyMasterName>
  <PartyIDs>173144</PartyIDs>
  <LastModificationDateTime>2024-03-20T15:11:00Z</LastModificationDateTime>
  <LanguageCode>en-US</LanguageCode>
  <PaymentTermID>N30</PaymentTermID>
  <PaymentTermCode>N30</PaymentTermCode>
  <SXe_user3>n</SXe_user3>
  <SXe_user4>C</SXe_user4>
  <SXe_user5>ofue-s1   </SXe_user5>
  <SXe_user10>N</SXe_user10>
  <SXe_user11>1702831</SXe_user11>
  <SXe_user12>REY RANAS</SXe_user12>
  <SXe_user21>03/21/22</SXe_user21>
  <SXe_user23>03/21/22</SXe_user23>
  <arsc_addonnum2>2</arsc_addonnum2>
  <arsc_addonnum4>9</arsc_addonnum4>
  <arsc_addr1>100-1 SMELTER SITE RD.</arsc_addr1>
  <arsc_addressoverfl>false</arsc_addressoverfl>
  <arsc_ardatcty>p</arsc_ardatcty>
  <arsc_avgpaydays>69</arsc_avgpaydays>
  <arsc_bankno>21</arsc_bankno>
  <arsc_billdirectaddon>n</arsc_billdirectaddon>
  <arsc_bofl>true</arsc_bofl>
  <arsc_cashrecfl>false</arsc_cashrecfl>
  <arsc_cashreqfl>false</arsc_cashreqfl>
  <arsc_ccblockfl>false</arsc_ccblockfl>
  <arsc_cdcfl>false</arsc_cdcfl>
  <arsc_city>KITIMAT</arsc_city>
  <arsc_cono>10</arsc_cono>
  <arsc_costytd>5788.63</arsc_costytd>
  <arsc_countrycd>CA</arsc_countrycd>
  <arsc_creditmgr>0016</arsc_creditmgr>
  <arsc_credlim>25000</arsc_credlim>
  <arsc_custno>173144</arsc_custno>
  <arsc_custordbal>185.89</arsc_custordbal>
  <arsc_custperiodbal2>9708.3</arsc_custperiodbal2>
  <arsc_custprodfl>false</arsc_custprodfl>
  <arsc_custprodreqfl>false</arsc_custprodreqfl>
  <arsc_custtype>L07</arsc_custtype>
  <arsc_custuncashbal>-218.93</arsc_custuncashbal>
  <arsc_cyclecd>200</arsc_cyclecd>
  <arsc_divno>220</arsc_divno>
  <arsc_dnbinocallfl>false</arsc_dnbinocallfl>
  <arsc_dunningfl>false</arsc_dunningfl>
  <arsc_easntype>e</arsc_easntype>
  <arsc_edi840fl>false</arsc_edi840fl>
  <arsc_edicatprodfl>false</arsc_edicatprodfl>
  <arsc_edijitfl>false</arsc_edijitfl>
  <arsc_edinsprodfl>true</arsc_edinsprodfl>
  <arsc_ediprcfl>false</arsc_ediprcfl>
  <arsc_ediprintnotesfl>false</arsc_ediprintnotesfl>
  <arsc_editermsfl>false</arsc_editermsfl>
  <arsc_einvtype>m</arsc_einvtype>
  <arsc_email>cvlap.ca@sodexo.com</arsc_email>
  <arsc_enterdt>2021-11-22</arsc_enterdt>
  <arsc_esbactioncode>Replace</arsc_esbactioncode>
  <arsc_fpcustfl>false</arsc_fpcustfl>
  <arsc_highbal>25057.04</arsc_highbal>
  <arsc_holdpercd>3</arsc_holdpercd>
  <arsc_inbndfrtfl>false</arsc_inbndfrtfl>
  <arsc_langcd>EN</arsc_langcd>
  <arsc_lastagedt>2024-03-20</arsc_lastagedt>
  <arsc_lastagedttz>03/20/2024 11:11:18.948-04:00</arsc_lastagedttz>
  <arsc_lastcostytd>30448.77</arsc_lastcostytd>
  <arsc_lastpayamt>212.75</arsc_lastpayamt>
  <arsc_lastpaydt>2024-03-07</arsc_lastpaydt>
  <arsc_lastpaydttz>03/07/2024 15:59:18.236-05:00</arsc_lastpaydttz>
  <arsc_lastsaleamt>9708.3</arsc_lastsaleamt>
  <arsc_lastsaledt>2024-02-12</arsc_lastsaledt>
  <arsc_lastsaledttz>02/12/2024 03:00:07.229+00:00</arsc_lastsaledttz>
  <arsc_lastsalesytd>48305.56</arsc_lastsalesytd>
  <arsc_linetermsfl>false</arsc_linetermsfl>
  <arsc_lnshipcompfl>false</arsc_lnshipcompfl>
  <arsc_lookupnm>CANADA-SODEXO</arsc_lookupnm>
  <arsc_lrrewardno>0</arsc_lrrewardno>
  <arsc_mansalesfl>false</arsc_mansalesfl>
  <arsc_manusesalesrepfl>false</arsc_manusesalesrepfl>
  <arsc_name>SODEXO CANADA</arsc_name>
  <arsc_noinv>28</arsc_noinv>
  <arsc_noinvcopy>1</arsc_noinvcopy>
  <arsc_nontaxtype>R</arsc_nontaxtype>
  <arsc_nopastdue>27</arsc_nopastdue>
  <arsc_nopay>27</arsc_nopay>
  <arsc_notesfl>*</arsc_notesfl>
  <arsc_npclaimacctfl>false</arsc_npclaimacctfl>
  <arsc_ordbal>185.89</arsc_ordbal>
  <arsc_outbndfrtfl>false</arsc_outbndfrtfl>
  <arsc_outofcityfl>false</arsc_outofcityfl>
  <arsc_pastduedt>2024-03-07</arsc_pastduedt>
  <arsc_pastduedttz>03/07/2024 15:59:18.236-05:00</arsc_pastduedttz>
  <arsc_periodbal2>9708.3</arsc_periodbal2>
  <arsc_phoneno>2506390816</arsc_phoneno>
  <arsc_picklabelsize>L</arsc_picklabelsize>
  <arsc_pickprtfl>false</arsc_pickprtfl>
  <arsc_pmcashfl>false</arsc_pmcashfl>
  <arsc_poreqfl>true</arsc_poreqfl>
  <arsc_pricecd>1</arsc_pricecd>
  <arsc_ptxapfl>false</arsc_ptxapfl>
  <arsc_ptxarfl>false</arsc_ptxarfl>
  <arsc_ptxtransbillfl>false</arsc_ptxtransbillfl>
  <arsc_ptxtype>STD</arsc_ptxtype>
  <arsc_restricteditfl>false</arsc_restricteditfl>
  <arsc_salesmgrfl>true</arsc_salesmgrfl>
  <arsc_salesterr>SODX</arsc_salesterr>
  <arsc_salesytd>8040</arsc_salesytd>
  <arsc_securfl>false</arsc_securfl>
  <arsc_selltype>y</arsc_selltype>
  <arsc_servchgfl>false</arsc_servchgfl>
  <arsc_shipreqfl>true</arsc_shipreqfl>
  <arsc_shipvialockfl>false</arsc_shipvialockfl>
  <arsc_shipviaty>BEST</arsc_shipviaty>
  <arsc_shopifyfl>false</arsc_shopifyfl>
  <arsc_slsrepin>mmid</arsc_slsrepin>
  <arsc_slsrepout>HDPH</arsc_slsrepout>
  <arsc_spcdefaultty>i</arsc_spcdefaultty>
  <arsc_srallownegoverfl>false</arsc_srallownegoverfl>
  <arsc_state>BC</arsc_state>
  <arsc_statecd>BC</arsc_statecd>
  <arsc_statementty>N</arsc_statementty>
  <arsc_statustype>true</arsc_statustype>
  <arsc_subfl>true</arsc_subfl>
  <arsc_swexaddfl1>false</arsc_swexaddfl1>
  <arsc_swexaddfl2>false</arsc_swexaddfl2>
  <arsc_swexaddfl3>false</arsc_swexaddfl3>
  <arsc_swexaddfl4>false</arsc_swexaddfl4>
  <arsc_synccrmfl>true</arsc_synccrmfl>
  <arsc_syncmddfl>true</arsc_syncmddfl>
  <arsc_taxablety>Y</arsc_taxablety>
  <arsc_taxauth>dom</arsc_taxauth>
  <arsc_taxcert>1000-6569</arsc_taxcert>
  <arsc_taxreg>1000-6569</arsc_taxreg>
  <arsc_tendqtyfl>false</arsc_tendqtyfl>
  <arsc_termstype>N30</arsc_termstype>
  <arsc_uncashbal>-218.93</arsc_uncashbal>
  <arsc_unearnedfl>true</arsc_unearnedfl>
  <arsc_user10>N</arsc_user10>
  <arsc_user11>1702831</arsc_user11>
  <arsc_user12>REY RANAS</arsc_user12>
  <arsc_usesettcalcfl>false</arsc_usesettcalcfl>
  <arsc_vatvariablefl>false</arsc_vatvariablefl>
  <arsc_whse>0220</arsc_whse>
  <arsc_wlscmlblmixtxt>Mixed</arsc_wlscmlblmixtxt>
  <arsc_zipcd>V8C2H2</arsc_zipcd>
  <Bank>21</Bank>
  <Division>220</Division>
  <InvoiceEmail>cvlap.ca@sodexo.com</InvoiceEmail>
  <SXe_Class>0</SXe_Class>
  <SXe_CustType>L07</SXe_CustType>
  <SXe_SICCD1>0</SXe_SICCD1>
  <SXe_SICCD2>0</SXe_SICCD2>
  <SXe_SICCD3>0</SXe_SICCD3>
  <SXe_Whse>0220</SXe_Whse>
  <PaymentMethodCode>Account</PaymentMethodCode>
  <StatusCode>Open</StatusCode>
  <ShipOrderComplete>false</ShipOrderComplete>
  <ShipLineComplete>false</ShipLineComplete>
  <CurrencyCode>CAD</CurrencyCode>
  <DefaultShipFromWarehouseLocation>0220</DefaultShipFromWarehouseLocation>
  <TotalCreditLimitAmount>25000</TotalCreditLimitAmount>
  <TotalCreditLimitBaseAmount>25000</TotalCreditLimitBaseAmount>
  <TotalCreditLimitReportAmount>25000</TotalCreditLimitReportAmount>
  <CreditAnalystPersonID>0016</CreditAnalystPersonID>
  <CreditAnalystPersonName>Val Duke</CreditAnalystPersonName>
  <AddressLine>100-1 SMELTER SITE RD.</AddressLine>
  <CityName>KITIMAT</CityName>
  <CountrySubDivisionCode>BC</CountrySubDivisionCode>
  <CountryCode>CA</CountryCode>
  <PostalCode>V8C2H2</PostalCode>
</Customer>