﻿<?xml version="1.0" encoding="utf-8"?>
<CustomerCommunications>
  <CustomerCommunication>
    <PartyIDs>173144</PartyIDs>
    <ChannelCode>Phone</ChannelCode>
    <UseCode>Office</UseCode>
    <DialNumber>2506390816</DialNumber>
    <URI></URI>
  </CustomerCommunication>
  <CustomerCommunication>
    <PartyIDs>173144</PartyIDs>
    <ChannelCode>EMail</ChannelCode>
    <UseCode>Office</UseCode>
    <DialNumber></DialNumber>
    <URI>cvlap.ca@sodexo.com</URI>
  </CustomerCommunication>
</CustomerCommunications>