﻿<?xml version="1.0" encoding="utf-8"?>
<SalesOrderLines>
  <SalesOrderLine>
    <SalesOrderNumber>
    </SalesOrderNumber>
    <LineNumber>1</LineNumber>
    <Type>PurchaseOrder</Type>
    <DocumentID>468981</DocumentID>
    <Code>Hold</Code>
    <EffectiveDateTime>2024-02-01</EffectiveDateTime>
    <ID>311224549</ID>
    <Description>O-RING - 1-3/8\OD X1-3/1 6\ID X 3/32\THICK BAG/20</Description>
    <Quantity>1.00</Quantity>
    <Amount>3.20000</Amount>
    <BaseAmount>3.20000</BaseAmount>
    <ReportAmount>3.20000</ReportAmount>
    <PerQuantity>1.000000</PerQuantity>
  </SalesOrderLine>
  <SalesOrderLine>
    <SalesOrderNumber>
    </SalesOrderNumber>
    <LineNumber>2</LineNumber>
    <Type>PurchaseOrder</Type>
    <DocumentID>468981</DocumentID>
    <Code>Hold</Code>
    <EffectiveDateTime>2024-02-01</EffectiveDateTime>
    <ID>312232679</ID>
    <Description>1-1/2\ CLOSET SPUD</Description>
    <Quantity>50.00</Quantity>
    <Amount>14.60000</Amount>
    <BaseAmount>14.60000</BaseAmount>
    <ReportAmount>14.60000</ReportAmount>
    <PerQuantity>1.000000</PerQuantity>
  </SalesOrderLine>
</SalesOrderLines>