<?xml version="1.0" ?>
<SyncSalesOrder languageCode="en-US" releaseID="9.2" systemEnvironmentCode="Production" versionID="2.12.2" >
	<ApplicationArea>
		<Sender>
			<LogicalID>lid://infor.sx.sx</LogicalID>
		</Sender>
		<CreationDateTime>2024-03-20T18:00:18Z</CreationDateTime>
		<BODID>infor-nid:HDSUPPLY_PRD:10:0200:3686262-00:1?SalesOrder&amp;verb=Sync</BODID>
	</ApplicationArea>
	<DataArea>
		<Sync>
			<TenantID>HDSUPPLY_PRD</TenantID>
			<AccountingEntityID>10</AccountingEntityID>
			<LocationID>0200</LocationID>
			<ActionCriteria>
				<ActionExpression actionCode="Replace"></ActionExpression>
			</ActionCriteria>
		</Sync>
		<SalesOrder>
			<SalesOrderHeader>
				<DocumentID agencyRole="Customer">
					<ID accountingEntity="10" location="0200" variationID="13864648">3686262-00</ID>
					<RevisionID>0</RevisionID>
				</DocumentID>
				<AlternateDocumentID>
					<ID schemeAgencyID="171114" schemeName="Customer">Asanka/Joe</ID>
				</AlternateDocumentID>
				<Reference>
					<NameValue name="EDI855OuT" type="string">no</NameValue>
					<NameValue name="SXe.OrderDisposition" type="string">S</NameValue>
					<NameValue name="SXe.EDITermsCode" type="string">14</NameValue>
					<NameValue name="SXe.EDITermsDescription" type="string">ZZ</NameValue>
					<NameValue name="SXe.EnteredDate" type="date">2024-02-01</NameValue>
					<NameValue name="SXe.ShippingInstructions" type="string">Asanka (416) 964-1465</NameValue>
					<NameValue name="SXe.TotalQtyOrd" type="decimal">51</NameValue>
					<NameValue name="SXe.TotalQtyShip" type="decimal">51</NameValue>
					<NameValue name="SXe.TotalLines" type="integer">2</NameValue>
					<NameValue name="SXe.AckType" type="string">AC</NameValue>
				</Reference>
				<LastModificationDateTime>2024-03-20T18:00:00Z</LastModificationDateTime>
				<DocumentDateTime>2024-02-01T14:33:00Z</DocumentDateTime>
				<Description languageID="en-US">Stock Order</Description>
				<OrderTypeCode languageID="en-US">Stock Order</OrderTypeCode>
				<Note type="shipping">Asanka (416) 964-1465</Note>
				<Status>
					<Code>Hold</Code>
					<Description languageID="en-US">1</Description>
					<EffectiveDateTime>2024-02-01</EffectiveDateTime>
					<ReasonCode>h</ReasonCode>
				</Status>
				<ExtendedAmount currencyID="CAD">733.20</ExtendedAmount>
				<ExtendedBaseAmount currencyID="CAD">733.20</ExtendedBaseAmount>
				<ExtendedReportAmount currencyID="CAD">733.20</ExtendedReportAmount>
				<TotalAmount currencyID="CAD">828.52</TotalAmount>
				<TotalBaseAmount currencyID="CAD">828.52</TotalBaseAmount>
				<TotalReportAmount currencyID="CAD">828.52</TotalReportAmount>
				<BillToParty>
					<PartyIDs>
						<ID accountingEntity="10">171114</ID>
					</PartyIDs>
					<Name languageID="en-US">KRUGARAND CORP</Name>
					<Location>
						<Address type="Text">
							<AddressLine languageID="en-US" sequence="1">80 BLOOR ST. W.</AddressLine>
							<AddressLine languageID="en-US" sequence="2">STE 505</AddressLine>
							<CityName>TORONTO</CityName>
							<CountrySubDivisionCode>ON</CountrySubDivisionCode>
							<CountryCode>CA</CountryCode>
							<PostalCode>M5S2V1</PostalCode>
						</Address>
					</Location>
					<Communication>
						<DialNumber>(416)964-1465/    </DialNumber>
					</Communication>
				</BillToParty>
				<CarrierParty>
					<PartyIDs>
						<ID>BEST</ID>
					</PartyIDs>
					<Name languageID="en-US">BEST WAY</Name>
				</CarrierParty>
				<TransportationMethodCode listID="Transportation Methods">BEST</TransportationMethodCode>
				<PartialShipmentAllowedIndicator>true</PartialShipmentAllowedIndicator>
				<DropShipmentAllowedIndicator>true</DropShipmentAllowedIndicator>
				<EarlyShipmentAllowedIndicator>true</EarlyShipmentAllowedIndicator>
				<TaxExemptIndicator>false</TaxExemptIndicator>
				<CustomerParty>
					<PartyIDs>
						<ID accountingEntity="10">171114</ID>
					</PartyIDs>
					<Name languageID="en-US">KRUGARAND CORP</Name>
					<Location>
						<Address type="Text">
							<AddressLine languageID="en-US" sequence="1">80 BLOOR ST. W.</AddressLine>
							<AddressLine languageID="en-US" sequence="2">STE 505</AddressLine>
							<CityName>TORONTO</CityName>
							<CountrySubDivisionCode>ON</CountrySubDivisionCode>
							<CountryCode>CA</CountryCode>
							<PostalCode>M5S2V1</PostalCode>
						</Address>
					</Location>
					<Communication>
						<DialNumber>(416)964-1465/    </DialNumber>
					</Communication>
				</CustomerParty>
				<ShipToParty>
					<PartyIDs>
						<ID accountingEntity="10">171114-100</ID>
					</PartyIDs>
					<Name languageID="en-US">KRUGARAND CORP</Name>
					<Location>
						<Address type="Text">
							<AddressLine languageID="en-US" sequence="1">80 BLOOR ST. W.</AddressLine>
							<AddressLine languageID="en-US" sequence="2">STE 505</AddressLine>
							<CityName>TORONTO</CityName>
							<CountrySubDivisionCode>ON</CountrySubDivisionCode>
							<CountryCode>CA</CountryCode>
							<PostalCode>M5S2V1</PostalCode>
						</Address>
					</Location>
					<Communication>
						<DialNumber>(416)964-1465/    </DialNumber>
					</Communication>
				</ShipToParty>
				<RemitToParty>
					<PartyIDs>
						<ID accountingEntity="10">10</ID>
						<TaxID>748625530</TaxID>
					</PartyIDs>
					<Location>
						<Address type="Text">
							<AddressLine languageID="en-US" sequence="1">70 Carson Street</AddressLine>
							<CityName>Etobicoke</CityName>
							<CountrySubDivisionCode>ON</CountrySubDivisionCode>
							<CountryCode>CA</CountryCode>
							<PostalCode>M8W 4Z6</PostalCode>
						</Address>
					</Location>
					<Contact>
						<Communication/>
						<DialNumber>(416)418-2841/    </DialNumber>
					</Contact>
				</RemitToParty>
				<PaymentTerm>
					<IDs>
						<ID>N30</ID>
					</IDs>
					<Description languageID="en-US">NET 30 DAYS</Description>
					<PaymentTermCode>N30</PaymentTermCode>
					<Term>
						<ID>N30</ID>
						<Description languageID="en-US">NET 30 DAYS</Description>
						<DueDateTime>2024-04-19</DueDateTime>
						<DiscountPercent>0.00</DiscountPercent>
						<Duration>30</Duration>
					</Term>
					<Discount>
						<ID>N30</ID>
						<Description languageID="en-US">NET 30 DAYS</Description>
						<EffectiveDateTime>2024-03-20</EffectiveDateTime>
						<DueDateTime>2024-03-20</DueDateTime>
						<DiscountPercent>0.00</DiscountPercent>
						<Duration>0</Duration>
						<Amount>0.00</Amount>
					</Discount>
					<Penalty></Penalty>
				</PaymentTerm>
				<DistributedTax type="HST">
					<BasisAmount currencyID="CAD">733.20</BasisAmount>
					<BasisBaseAmount currencyID="CAD">733.20</BasisBaseAmount>
					<BasisReportAmount currencyID="CAD">733.20</BasisReportAmount>
					<Description languageID="en-US">H.S.T. Tax Amount</Description>
					<Amount currencyID="CAD">95.32</Amount>
					<BaseAmount currencyID="CAD">95.32</BaseAmount>
					<ReportAmount currencyID="CAD">95.32</ReportAmount>
				</DistributedTax>
				<TransactionSourceCode languageID="en-US">CRM</TransactionSourceCode>
				<RequestedShipDateTime>2024-01-09</RequestedShipDateTime>
				<PromisedShipDateTime>2024-01-09</PromisedShipDateTime>
				<BackOrderIndicator>true</BackOrderIndicator>
				<OrderCommission>
					<SalesPerson>
						<ID accountingEntity="10">TO10</ID>
						<Name languageID="en-US">Jonathan Bravo</Name>
					</SalesPerson>
				</OrderCommission>
				<OrderCommission>
					<SalesPerson>
						<ID accountingEntity="10">HDPH</ID>
						<Name languageID="en-US">ALEXANDRA DZIGDA</Name>
					</SalesPerson>
				</OrderCommission>
				<Tax sequenceNumber="1">
					<BasisAmount currencyID="CAD">733.20</BasisAmount>
					<BasisBaseAmount currencyID="CAD">733.20</BasisBaseAmount>
					<BasisReportAmount currencyID="CAD">733.20</BasisReportAmount>
					<Description languageID="en-US">H.S.T. Tax Amount</Description>
					<Amount currencyID="CAD">95.32</Amount>
					<BaseAmount currencyID="CAD">95.32</BaseAmount>
					<ReportAmount currencyID="CAD">95.32</ReportAmount>
				</Tax>
				<UserArea>
					<Property>
						<NameValue name="SXe_user3" type="SX">(416) 964-1465</NameValue>
					</Property>
					<Property>
						<NameValue name="SXe_user4" type="SX">Asanka Gurusinghd</NameValue>
					</Property>
					<Property>
						<NameValue name="Division" type="SX">200</NameValue>
					</Property>
					<Property>
						<NameValue name="oeeh.addontype1" type="logical">true</NameValue>
					</Property>
					<Property>
						<NameValue name="oeeh.addontype2" type="logical">true</NameValue>
					</Property>
					<Property>
						<NameValue name="oeeh.addontype3" type="logical">true</NameValue>
					</Property>
					<Property>
						<NameValue name="oeeh.addontype4" type="logical">true</NameValue>
					</Property>
					<Property>
						<NameValue name="oeeh.addoverfl1" type="logical">false</NameValue>
					</Property>
					<Property>
						<NameValue name="oeeh.addoverfl2" type="logical">false</NameValue>
					</Property>
					<Property>
						<NameValue name="oeeh.addoverfl3" type="logical">false</NameValue>
					</Property>
					<Property>
						<NameValue name="oeeh.addoverfl4" type="logical">false</NameValue>
					</Property>
					<Property>
						<NameValue name="oeeh.addressoverfl" type="logical">false</NameValue>
					</Property>
					<Property>
						<NameValue name="oeeh.addtaxgroup1" type="integer">1</NameValue>
					</Property>
					<Property>
						<NameValue name="oeeh.addtaxgroup2" type="integer">1</NameValue>
					</Property>
					<Property>
						<NameValue name="oeeh.addtaxgroup3" type="integer">1</NameValue>
					</Property>
					<Property>
						<NameValue name="oeeh.addtaxgroup4" type="integer">1</NameValue>
					</Property>
					<Property>
						<NameValue name="oeeh.apprinit" type="string">lbar</NameValue>
					</Property>
					<Property>
						<NameValue name="oeeh.approvintlty" type="string">y</NameValue>
					</Property>
					<Property>
						<NameValue name="oeeh.approvty" type="string">h</NameValue>
					</Property>
					<Property>
						<NameValue name="oeeh.autoaltwhsefl" type="logical">false</NameValue>
					</Property>
					<Property>
						<NameValue name="oeeh.autoapplycreditfl" type="logical">false</NameValue>
					</Property>
					<Property>
						<NameValue name="oeeh.billdirectaddon" type="string">n</NameValue>
					</Property>
					<Property>
						<NameValue name="oeeh.billonrcptfl" type="logical">false</NameValue>
					</Property>
					<Property>
						<NameValue name="oeeh.boexistsfl" type="logical">false</NameValue>
					</Property>
					<Property>
						<NameValue name="oeeh.bofl" type="logical">true</NameValue>
					</Property>
					<Property>
						<NameValue name="oeeh.bolinefl" type="logical">false</NameValue>
					</Property>
					<Property>
						<NameValue name="oeeh.borelfl" type="logical">false</NameValue>
					</Property>
					<Property>
						<NameValue name="oeeh.bostage" type="integer">2</NameValue>
					</Property>
					<Property>
						<NameValue name="oeeh.btprintfl" type="logical">true</NameValue>
					</Property>
					<Property>
						<NameValue name="oeeh.bulkfl" type="logical">false</NameValue>
					</Property>
					<Property>
						<NameValue name="oeeh.ccnonrefundfl" type="logical">false</NameValue>
					</Property>
					<Property>
						<NameValue name="oeeh.codfl" type="logical">false</NameValue>
					</Property>
					<Property>
						<NameValue name="oeeh.confirmctnfl" type="logical">false</NameValue>
					</Property>
					<Property>
						<NameValue name="oeeh.cono" type="integer">10</NameValue>
					</Property>
					<Property>
						<NameValue name="oeeh.countrycd" type="string">CA</NameValue>
					</Property>
					<Property>
						<NameValue name="oeeh.createdt" type="date">2024-02-01</NameValue>
					</Property>
					<Property>
						<NameValue name="oeeh.createdttz" type="datetime-tz">02/01/2024 14:33:48.119-05:00</NameValue>
					</Property>
					<Property>
						<NameValue name="oeeh.credoverfl" type="logical">true</NameValue>
					</Property>
					<Property>
						<NameValue name="oeeh.custno" type="decimal">171114</NameValue>
					</Property>
					<Property>
						<NameValue name="oeeh.custpo" type="string">Asanka/Joe</NameValue>
					</Property>
					<Property>
						<NameValue name="oeeh.datcoverfl" type="logical">false</NameValue>
					</Property>
					<Property>
						<NameValue name="oeeh.dexfl" type="logical">false</NameValue>
					</Property>
					<Property>
						<NameValue name="oeeh.divno" type="integer">200</NameValue>
					</Property>
					<Property>
						<NameValue name="oeeh.dlvprintty" type="string">n</NameValue>
					</Property>
					<Property>
						<NameValue name="oeeh.doreturnfl" type="logical">false</NameValue>
					</Property>
					<Property>
						<NameValue name="oeeh.drexpfl" type="logical">false</NameValue>
					</Property>
					<Property>
						<NameValue name="oeeh.drholdfl" type="logical">false</NameValue>
					</Property>
					<Property>
						<NameValue name="oeeh.dwnpmttype" type="logical">true</NameValue>
					</Property>
					<Property>
						<NameValue name="oeeh.enterdt" type="date">2024-02-01</NameValue>
					</Property>
					<Property>
						<NameValue name="oeeh.enterdttz" type="datetime-tz">02/01/2024 14:33:48.119-05:00</NameValue>
					</Property>
					<Property>
						<NameValue name="oeeh.entertm" type="string">1433</NameValue>
					</Property>
					<Property>
						<NameValue name="oeeh.esbediasnfl" type="logical">false</NameValue>
					</Property>
					<Property>
						<NameValue name="oeeh.esbedicustpoackfl" type="logical">false</NameValue>
					</Property>
					<Property>
						<NameValue name="oeeh.esbediinvfl" type="logical">false</NameValue>
					</Property>
					<Property>
						<NameValue name="oeeh.esbinvoicefl" type="logical">false</NameValue>
					</Property>
					<Property>
						<NameValue name="oeeh.esbquotefl" type="logical">false</NameValue>
					</Property>
					<Property>
						<NameValue name="oeeh.esbsalesorderfl" type="logical">false</NameValue>
					</Property>
					<Property>
						<NameValue name="oeeh.esbserviceordervarid" type="int64">0</NameValue>
					</Property>
					<Property>
						<NameValue name="oeeh.esbshipmentfl" type="logical">false</NameValue>
					</Property>
					<Property>
						<NameValue name="oeeh.fulfillmentordfl" type="logical">false</NameValue>
					</Property>
					<Property>
						<NameValue name="oeeh.fulfillmentsplitfl" type="logical">false</NameValue>
					</Property>
					<Property>
						<NameValue name="oeeh.fulfillmenttiedfl" type="logical">false</NameValue>
					</Property>
					<Property>
						<NameValue name="oeeh.gsttype" type="string">d</NameValue>
					</Property>
					<Property>
						<NameValue name="oeeh.inbndfrtfl" type="logical">false</NameValue>
					</Property>
					<Property>
						<NameValue name="oeeh.invverifyty" type="string">n</NameValue>
					</Property>
					<Property>
						<NameValue name="oeeh.langcd" type="string">EN</NameValue>
					</Property>
					<Property>
						<NameValue name="oeeh.linefl" type="logical">false</NameValue>
					</Property>
					<Property>
						<NameValue name="oeeh.lockfl" type="logical">false</NameValue>
					</Property>
					<Property>
						<NameValue name="oeeh.lumpbillfl" type="logical">false</NameValue>
					</Property>
					<Property>
						<NameValue name="oeeh.lumppricefl" type="logical">false</NameValue>
					</Property>
					<Property>
						<NameValue name="oeeh.manzonefl" type="logical">false</NameValue>
					</Property>
					<Property>
						<NameValue name="oeeh.nextlineno" type="integer">3</NameValue>
					</Property>
					<Property>
						<NameValue name="oeeh.noinvoicefl" type="logical">false</NameValue>
					</Property>
					<Property>
						<NameValue name="oeeh.nolineitem" type="integer">2</NameValue>
					</Property>
					<Property>
						<NameValue name="oeeh.notimeschg" type="integer">3</NameValue>
					</Property>
					<Property>
						<NameValue name="oeeh.oeunlinkdotiesfl" type="logical">false</NameValue>
					</Property>
					<Property>
						<NameValue name="oeeh.orderdisp" type="string">S</NameValue>
					</Property>
					<Property>
						<NameValue name="oeeh.orderno" type="integer">3686262</NameValue>
					</Property>
					<Property>
						<NameValue name="oeeh.ordersuf" type="integer">0</NameValue>
					</Property>
					<Property>
						<NameValue name="oeeh.origcanfl" type="logical">false</NameValue>
					</Property>
					<Property>
						<NameValue name="oeeh.origincd" type="string">CRM</NameValue>
					</Property>
					<Property>
						<NameValue name="oeeh.origincopyty" type="string">Q</NameValue>
					</Property>
					<Property>
						<NameValue name="oeeh.originorderno" type="integer">3686262</NameValue>
					</Property>
					<Property>
						<NameValue name="oeeh.origpromisedt" type="date">2024-01-09</NameValue>
					</Property>
					<Property>
						<NameValue name="oeeh.origpromisedtlockedfl" type="logical">true</NameValue>
					</Property>
					<Property>
						<NameValue name="oeeh.origpromisedttz" type="datetime-tz">01/09/2024 14:33:48.119-05:00</NameValue>
					</Property>
					<Property>
						<NameValue name="oeeh.outbndfrtfl" type="logical">false</NameValue>
					</Property>
					<Property>
						<NameValue name="oeeh.outofcityfl" type="logical">false</NameValue>
					</Property>
					<Property>
						<NameValue name="oeeh.pickprtfl" type="logical">false</NameValue>
					</Property>
					<Property>
						<NameValue name="oeeh.placedby" type="string">Asanka</NameValue>
					</Property>
					<Property>
						<NameValue name="oeeh.pmfl" type="logical">true</NameValue>
					</Property>
					<Property>
						<NameValue name="oeeh.prevaddtype" type="logical">true</NameValue>
					</Property>
					<Property>
						<NameValue name="oeeh.pricecd" type="integer">1</NameValue>
					</Property>
					<Property>
						<NameValue name="oeeh.printpckfl" type="logical">true</NameValue>
					</Property>
					<Property>
						<NameValue name="oeeh.printpricefl" type="logical">true</NameValue>
					</Property>
					<Property>
						<NameValue name="oeeh.promisedt" type="date">2024-01-09</NameValue>
					</Property>
					<Property>
						<NameValue name="oeeh.promisedttz" type="datetime-tz">01/09/2024 15:26:45.941-05:00</NameValue>
					</Property>
					<Property>
						<NameValue name="oeeh.pstlicenseno" type="string">HARMONIZED</NameValue>
					</Property>
					<Property>
						<NameValue name="oeeh.recoveryfl" type="logical">false</NameValue>
					</Property>
					<Property>
						<NameValue name="oeeh.reqshipdt" type="date">2024-01-09</NameValue>
					</Property>
					<Property>
						<NameValue name="oeeh.reqshipdttz" type="datetime-tz">01/09/2024 15:26:45.941-05:00</NameValue>
					</Property>
					<Property>
						<NameValue name="oeeh.salesexrate" type="decimal">1</NameValue>
					</Property>
					<Property>
						<NameValue name="oeeh.shipinstr" type="string">Asanka (416) 964-1465</NameValue>
					</Property>
					<Property>
						<NameValue name="oeeh.shipmentnotice" type="string">N</NameValue>
					</Property>
					<Property>
						<NameValue name="oeeh.shipto" type="string">100</NameValue>
					</Property>
					<Property>
						<NameValue name="oeeh.shiptoaddr1" type="string">80 BLOOR ST. W.</NameValue>
					</Property>
					<Property>
						<NameValue name="oeeh.shiptoaddr2" type="string">STE 505</NameValue>
					</Property>
					<Property>
						<NameValue name="oeeh.shiptocity" type="string">TORONTO</NameValue>
					</Property>
					<Property>
						<NameValue name="oeeh.shiptonm" type="string">KRUGARAND CORP</NameValue>
					</Property>
					<Property>
						<NameValue name="oeeh.shiptost" type="string">ON</NameValue>
					</Property>
					<Property>
						<NameValue name="oeeh.shiptozip" type="string">M5S2V1</NameValue>
					</Property>
					<Property>
						<NameValue name="oeeh.shipviaty" type="string">BEST</NameValue>
					</Property>
					<Property>
						<NameValue name="oeeh.slsrepin" type="string">HDPH</NameValue>
					</Property>
					<Property>
						<NameValue name="oeeh.slsrepout" type="string">TO10</NameValue>
					</Property>
					<Property>
						<NameValue name="oeeh.srautoborfl" type="logical">false</NameValue>
					</Property>
					<Property>
						<NameValue name="oeeh.sroassemblyfl" type="logical">false</NameValue>
					</Property>
					<Property>
						<NameValue name="oeeh.stagecd" type="integer">1</NameValue>
					</Property>
					<Property>
						<NameValue name="oeeh.statecd" type="string">ON</NameValue>
					</Property>
					<Property>
						<NameValue name="oeeh.stordty" type="logical">false</NameValue>
					</Property>
					<Property>
						<NameValue name="oeeh.subfl" type="logical">true</NameValue>
					</Property>
					<Property>
						<NameValue name="oeeh.takenby" type="string">s004</NameValue>
					</Property>
					<Property>
						<NameValue name="oeeh.taxablefl" type="logical">true</NameValue>
					</Property>
					<Property>
						<NameValue name="oeeh.taxamt4" type="decimal">95.32</NameValue>
					</Property>
					<Property>
						<NameValue name="oeeh.taxauth" type="string">dom</NameValue>
					</Property>
					<Property>
						<NameValue name="oeeh.taxdefltty" type="string">s</NameValue>
					</Property>
					<Property>
						<NameValue name="oeeh.taxoverfl" type="logical">false</NameValue>
					</Property>
					<Property>
						<NameValue name="oeeh.taxsaleamt1" type="decimal">733.2</NameValue>
					</Property>
					<Property>
						<NameValue name="oeeh.taxsaleamt21" type="decimal">733.2</NameValue>
					</Property>
					<Property>
						<NameValue name="oeeh.termslinefl" type="logical">false</NameValue>
					</Property>
					<Property>
						<NameValue name="oeeh.termstype" type="string">N30</NameValue>
					</Property>
					<Property>
						<NameValue name="oeeh.tmsfl" type="logical">false</NameValue>
					</Property>
					<Property>
						<NameValue name="oeeh.totcost" type="decimal">402.79</NameValue>
					</Property>
					<Property>
						<NameValue name="oeeh.totcostord" type="decimal">402.79</NameValue>
					</Property>
					<Property>
						<NameValue name="oeeh.totinvamt" type="decimal">828.52</NameValue>
					</Property>
					<Property>
						<NameValue name="oeeh.totinvord" type="decimal">828.52</NameValue>
					</Property>
					<Property>
						<NameValue name="oeeh.totlineamt" type="decimal">733.2</NameValue>
					</Property>
					<Property>
						<NameValue name="oeeh.totlineord" type="decimal">733.2</NameValue>
					</Property>
					<Property>
						<NameValue name="oeeh.totordamt" type="decimal">733.2</NameValue>
					</Property>
					<Property>
						<NameValue name="oeeh.totprice" type="decimal">733.2</NameValue>
					</Property>
					<Property>
						<NameValue name="oeeh.totqtyord" type="decimal">51</NameValue>
					</Property>
					<Property>
						<NameValue name="oeeh.totqtyshp" type="decimal">51</NameValue>
					</Property>
					<Property>
						<NameValue name="oeeh.transtype" type="string">so</NameValue>
					</Property>
					<Property>
						<NameValue name="oeeh.usestepfl" type="logical">false</NameValue>
					</Property>
					<Property>
						<NameValue name="oeeh.whse" type="string">0200</NameValue>
					</Property>
					<Property>
						<NameValue name="oeeh.wodiscoverfl" type="logical">false</NameValue>
					</Property>
					<Property>
						<NameValue name="oeeh.wodisctype" type="logical">false</NameValue>
					</Property>
					<Property>
						<NameValue name="sasta.descrip-oeeh.shipviaty" type="string">BEST WAY</NameValue>
					</Property>
					<Property>
						<NameValue name="SXe_arsc_user10" type="SX">N</NameValue>
					</Property>
					<Property>
						<NameValue name="SXe_arsc_user11" type="SX">395044</NameValue>
					</Property>
					<Property>
						<NameValue name="SXe_arsc_user12" type="SX">KEN HILL</NameValue>
					</Property>
					<Property>
						<NameValue name="SXe_arsc_user21" type="SX">03/21/22</NameValue>
					</Property>
					<Property>
						<NameValue name="SXe_arsc_user23" type="SX">03/21/22</NameValue>
					</Property>
					<Property>
						<NameValue name="SXe_arsc_user4" type="SX">C</NameValue>
					</Property>
					<Property>
						<NameValue name="SXe_arsc_user5" type="SX">ofue-id</NameValue>
					</Property>
					<Property>
						<NameValue name="SXe_arss_user10" type="SX">Y</NameValue>
					</Property>
					<Property>
						<NameValue name="SXe_arss_user11" type="SX">395044</NameValue>
					</Property>
					<Property>
						<NameValue name="SXe_arss_user12" type="SX">KEN HILL</NameValue>
					</Property>
					<Property>
						<NameValue name="SXe_arss_user21" type="SX">03/21/22</NameValue>
					</Property>
					<Property>
						<NameValue name="SXe_arss_user23" type="SX">12/06/23</NameValue>
					</Property>
					<Property>
						<NameValue name="SXe_arss_user4" type="SX">C</NameValue>
					</Property>
					<Property>
						<NameValue name="SXe_arss_user5" type="SX">ofue-id   </NameValue>
					</Property>
					<Property>
						<NameValue name="SXe_sasc_user3" type="SX">C9DE66AF-F15C-4C4B-A82D-F4ABDE66B368</NameValue>
					</Property>
					<Property>
						<NameValue name="SXe_sasc_user6" type="SX">360.00000</NameValue>
					</Property>
				</UserArea>
				<SalesPersonReference>
					<IDs>
						<ID accountingEntity="10">TO10</ID>
					</IDs>
					<Name languageID="en-US">Jonathan Bravo</Name>
					<SalesPersonRole>External</SalesPersonRole>
				</SalesPersonReference>
				<SalesPersonReference>
					<IDs>
						<ID accountingEntity="10">HDPH</ID>
					</IDs>
					<Name languageID="en-US">ALEXANDRA DZIGDA</Name>
					<SalesPersonRole>Internal</SalesPersonRole>
				</SalesPersonReference>
				<SalesPersonReference>
					<IDs>
						<ID accountingEntity="10">s004</ID>
					</IDs>
					<Name languageID="en-US">Tony Makhoul</Name>
					<SalesPersonRole>TakenBy</SalesPersonRole>
				</SalesPersonReference>
				<ExtendedPretaxAmount currencyID="CAD">733.20</ExtendedPretaxAmount>
				<ExtendedPretaxBaseAmount currencyID="CAD">733.20</ExtendedPretaxBaseAmount>
				<ExtendedPretaxReportAmount currencyID="CAD">733.20</ExtendedPretaxReportAmount>
				<SubTotalAmount currencyID="CAD">733.20</SubTotalAmount>
				<SubTotalBaseAmount currencyID="CAD">733.20</SubTotalBaseAmount>
				<SubTotalReportAmount currencyID="CAD">733.20</SubTotalReportAmount>
				<BaseCurrencyAmount type="ExtendedAmount">
					<Amount currencyID="CAD">733.20</Amount>
				</BaseCurrencyAmount>
				<BaseCurrencyAmount type="TotalAmount">
					<Amount currencyID="CAD">828.52</Amount>
				</BaseCurrencyAmount>
				<CurrencyCode>CAD</CurrencyCode>
			</SalesOrderHeader>
			<SalesOrderLine>
				<LineNumber>1</LineNumber>
				<DocumentReference type="PurchaseOrder">
					<DocumentID>
						<ID>468981</ID>
					</DocumentID>
					<LineNumber>3</LineNumber>
				</DocumentReference>
				<Status>
					<Code>Hold</Code>
					<EffectiveDateTime>2024-02-01</EffectiveDateTime>
				</Status>
				<Reference>
					<NameValue name="SXe.CountryofOrigin" type="string">ca</NameValue>
				</Reference>
				<Item>
					<ItemID>
						<ID accountingEntity="10" schemeName="NonStock">311224549</ID>
					</ItemID>
					<Description languageID="en-US">O-RING - 1-3/8&quot;OD X1-3/1 6&quot;ID X 3/32&quot;THICK BAG/20</Description>
					<Packaging>
						<PerPackageQuantity unitCode="BAG">1.00000</PerPackageQuantity>
					</Packaging>
				</Item>
				<Quantity unitCode="BAG">1.00</Quantity>
				<BaseUOMQuantity unitCode="EACH">1.00</BaseUOMQuantity>
				<AuxiliaryQuantity unitCode="EACH">0.00000</AuxiliaryQuantity>
				<UnitPrice>
					<Amount currencyID="CAD">3.20000</Amount>
					<BaseAmount currencyID="CAD">3.20000</BaseAmount>
					<ReportAmount currencyID="CAD">3.20000</ReportAmount>
					<PerQuantity unitCode="BAG">1.000000</PerQuantity>
				</UnitPrice>
				<PriceOverrideIndicator>true</PriceOverrideIndicator>
				<ExtendedAmount currencyID="CAD">3.20</ExtendedAmount>
				<ExtendedBaseAmount currencyID="CAD">3.20</ExtendedBaseAmount>
				<ExtendedReportAmount currencyID="CAD">3.20</ExtendedReportAmount>
				<TotalAmount currencyID="CAD">3.20</TotalAmount>
				<TotalBaseAmount currencyID="CAD">3.20</TotalBaseAmount>
				<TotalReportAmount currencyID="CAD">3.20</TotalReportAmount>
				<RequestedShipDateTime>2024-01-09</RequestedShipDateTime>
				<RequiredDeliveryDateTime>2024-01-09</RequiredDeliveryDateTime>
				<PartialShipmentAllowedIndicator>false</PartialShipmentAllowedIndicator>
				<PromisedShipDateTime>2024-01-09</PromisedShipDateTime>
				<LineSourcing>
					<SupplierParty>
						<PartyIDs>
							<ID schemeName="Supplier">42023</ID>
						</PartyIDs>
					</SupplierParty>
				</LineSourcing>
				<BackOrderIndicator>false</BackOrderIndicator>
				<UserArea>
					<Property>
						<NameValue name="oeel.arpprodline" type="string">STOCK</NameValue>
					</Property>
					<Property>
						<NameValue name="oeel.arpvendno" type="decimal">42023</NameValue>
					</Property>
					<Property>
						<NameValue name="oeel.botype" type="string">y</NameValue>
					</Property>
					<Property>
						<NameValue name="oeel.cataddfl" type="logical">false</NameValue>
					</Property>
					<Property>
						<NameValue name="oeel.catchweightfl" type="logical">false</NameValue>
					</Property>
					<Property>
						<NameValue name="oeel.catwtfl" type="logical">false</NameValue>
					</Property>
					<Property>
						<NameValue name="oeel.cfgaddfl" type="logical">false</NameValue>
					</Property>
					<Property>
						<NameValue name="oeel.cfgkitfl" type="logical">false</NameValue>
					</Property>
					<Property>
						<NameValue name="oeel.chgqtyfl" type="logical">false</NameValue>
					</Property>
					<Property>
						<NameValue name="oeel.commentfl" type="logical">false</NameValue>
					</Property>
					<Property>
						<NameValue name="oeel.commmanfl" type="logical">false</NameValue>
					</Property>
					<Property>
						<NameValue name="oeel.commpaidfl" type="logical">false</NameValue>
					</Property>
					<Property>
						<NameValue name="oeel.commpaidinfl" type="logical">false</NameValue>
					</Property>
					<Property>
						<NameValue name="oeel.confirmctnfl" type="logical">false</NameValue>
					</Property>
					<Property>
						<NameValue name="oeel.cono" type="integer">10</NameValue>
					</Property>
					<Property>
						<NameValue name="oeel.corechgty" type="string">n</NameValue>
					</Property>
					<Property>
						<NameValue name="oeel.costoverfl" type="logical">true</NameValue>
					</Property>
					<Property>
						<NameValue name="oeel.countryoforigin" type="string">ca</NameValue>
					</Property>
					<Property>
						<NameValue name="oeel.custno" type="decimal">171114</NameValue>
					</Property>
					<Property>
						<NameValue name="oeel.cutfl" type="logical">false</NameValue>
					</Property>
					<Property>
						<NameValue name="oeel.delayresrvfl" type="logical">false</NameValue>
					</Property>
					<Property>
						<NameValue name="oeel.discoverfl" type="logical">true</NameValue>
					</Property>
					<Property>
						<NameValue name="oeel.disctype" type="logical">false</NameValue>
					</Property>
					<Property>
						<NameValue name="oeel.ehfinaddonfl" type="logical">true</NameValue>
					</Property>
					<Property>
						<NameValue name="oeel.enterdt" type="date">2024-02-01</NameValue>
					</Property>
					<Property>
						<NameValue name="oeel.enterdttz" type="datetime-tz">02/01/2024 14:33:48.340-05:00</NameValue>
					</Property>
					<Property>
						<NameValue name="oeel.gststatus" type="logical">true</NameValue>
					</Property>
					<Property>
						<NameValue name="oeel.hardpricefl" type="logical">false</NameValue>
					</Property>
					<Property>
						<NameValue name="oeel.icspecrecno" type="integer">1</NameValue>
					</Property>
					<Property>
						<NameValue name="oeel.jitpickfl" type="logical">false</NameValue>
					</Property>
					<Property>
						<NameValue name="oeel.kitfl" type="logical">false</NameValue>
					</Property>
					<Property>
						<NameValue name="oeel.linealtno" type="integer">3</NameValue>
					</Property>
					<Property>
						<NameValue name="oeel.lineno" type="integer">1</NameValue>
					</Property>
					<Property>
						<NameValue name="oeel.mancommoverfl" type="logical">false</NameValue>
					</Property>
					<Property>
						<NameValue name="oeel.mancommratefl" type="logical">false</NameValue>
					</Property>
					<Property>
						<NameValue name="oeel.mancommrecno" type="int64">0</NameValue>
					</Property>
					<Property>
						<NameValue name="oeel.netamt" type="decimal">3.2</NameValue>
					</Property>
					<Property>
						<NameValue name="oeel.netord" type="decimal">3.2</NameValue>
					</Property>
					<Property>
						<NameValue name="oeel.nonstkaddfl" type="logical">false</NameValue>
					</Property>
					<Property>
						<NameValue name="oeel.nonstkrevfl" type="logical">false</NameValue>
					</Property>
					<Property>
						<NameValue name="oeel.notimeschg" type="integer">1</NameValue>
					</Property>
					<Property>
						<NameValue name="oeel.npfl" type="logical">false</NameValue>
					</Property>
					<Property>
						<NameValue name="oeel.orderaltno" type="integer">468981</NameValue>
					</Property>
					<Property>
						<NameValue name="oeel.orderno" type="integer">3686262</NameValue>
					</Property>
					<Property>
						<NameValue name="oeel.ordertype" type="string">p</NameValue>
					</Property>
					<Property>
						<NameValue name="oeel.origlineno" type="integer">1</NameValue>
					</Property>
					<Property>
						<NameValue name="oeel.origpromisedt" type="date">2024-01-09</NameValue>
					</Property>
					<Property>
						<NameValue name="oeel.origpromisedttz" type="datetime-tz">01/09/2024 14:33:48.798-05:00</NameValue>
					</Property>
					<Property>
						<NameValue name="oeel.price" type="decimal">3.2</NameValue>
					</Property>
					<Property>
						<NameValue name="oeel.priceorigcd" type="string">O</NameValue>
					</Property>
					<Property>
						<NameValue name="oeel.priceoverfl" type="logical">true</NameValue>
					</Property>
					<Property>
						<NameValue name="oeel.pricetype" type="string">PPSO</NameValue>
					</Property>
					<Property>
						<NameValue name="oeel.printpckfl" type="logical">true</NameValue>
					</Property>
					<Property>
						<NameValue name="oeel.printpricefl" type="logical">true</NameValue>
					</Property>
					<Property>
						<NameValue name="oeel.prodcat" type="string">P027</NameValue>
					</Property>
					<Property>
						<NameValue name="oeel.prodcost" type="decimal">1.58956</NameValue>
					</Property>
					<Property>
						<NameValue name="oeel.proddesc" type="string">O-RING - 1-3/8&quot;OD X1-3/1</NameValue>
					</Property>
					<Property>
						<NameValue name="oeel.proddesc2" type="string">6&quot;ID X 3/32&quot;THICK BAG/20</NameValue>
					</Property>
					<Property>
						<NameValue name="oeel.prodline" type="string">STOCK</NameValue>
					</Property>
					<Property>
						<NameValue name="oeel.promofl" type="logical">false</NameValue>
					</Property>
					<Property>
						<NameValue name="oeel.ptlkitbofl" type="logical">false</NameValue>
					</Property>
					<Property>
						<NameValue name="oeel.qtyord" type="decimal">1</NameValue>
					</Property>
					<Property>
						<NameValue name="oeel.qtyship" type="decimal">1</NameValue>
					</Property>
					<Property>
						<NameValue name="oeel.rcvglcost" type="decimal">1.58956</NameValue>
					</Property>
					<Property>
						<NameValue name="oeel.restockfl" type="logical">true</NameValue>
					</Property>
					<Property>
						<NameValue name="oeel.returnfl" type="logical">false</NameValue>
					</Property>
					<Property>
						<NameValue name="oeel.rushfl" type="logical">false</NameValue>
					</Property>
					<Property>
						<NameValue name="oeel.shipcompfl" type="logical">false</NameValue>
					</Property>
					<Property>
						<NameValue name="oeel.shipprod" type="string">311224549</NameValue>
					</Property>
					<Property>
						<NameValue name="oeel.shipto" type="string">100</NameValue>
					</Property>
					<Property>
						<NameValue name="oeel.shpqtyoverfl" type="logical">false</NameValue>
					</Property>
					<Property>
						<NameValue name="oeel.slsrepin" type="string">HDPH</NameValue>
					</Property>
					<Property>
						<NameValue name="oeel.slsrepout" type="string">TO10</NameValue>
					</Property>
					<Property>
						<NameValue name="oeel.specnstype" type="string">n</NameValue>
					</Property>
					<Property>
						<NameValue name="oeel.srborfl" type="logical">false</NameValue>
					</Property>
					<Property>
						<NameValue name="oeel.sroassemblyfl" type="logical">false</NameValue>
					</Property>
					<Property>
						<NameValue name="oeel.statustype" type="string">a</NameValue>
					</Property>
					<Property>
						<NameValue name="oeel.stkqtyord" type="decimal">1</NameValue>
					</Property>
					<Property>
						<NameValue name="oeel.stkqtyship" type="decimal">1</NameValue>
					</Property>
					<Property>
						<NameValue name="oeel.subtotalfl" type="logical">false</NameValue>
					</Property>
					<Property>
						<NameValue name="oeel.systempdcostamt" type="decimal">1.58956</NameValue>
					</Property>
					<Property>
						<NameValue name="oeel.systempdcostty" type="string">A</NameValue>
					</Property>
					<Property>
						<NameValue name="oeel.systempriceonamount" type="decimal">3.18</NameValue>
					</Property>
					<Property>
						<NameValue name="oeel.systempriceonty" type="string">B</NameValue>
					</Property>
					<Property>
						<NameValue name="oeel.tallyfl" type="logical">false</NameValue>
					</Property>
					<Property>
						<NameValue name="oeel.taxablefl" type="logical">true</NameValue>
					</Property>
					<Property>
						<NameValue name="oeel.taxadjfl" type="logical">false</NameValue>
					</Property>
					<Property>
						<NameValue name="oeel.taxgroup" type="integer">1</NameValue>
					</Property>
					<Property>
						<NameValue name="oeel.taxweight" type="decimal">1</NameValue>
					</Property>
					<Property>
						<NameValue name="oeel.transtype" type="string">so</NameValue>
					</Property>
					<Property>
						<NameValue name="oeel.unit" type="string">Bag</NameValue>
					</Property>
					<Property>
						<NameValue name="oeel.unitconv" type="decimal">1</NameValue>
					</Property>
					<Property>
						<NameValue name="oeel.usagefl" type="logical">true</NameValue>
					</Property>
					<Property>
						<NameValue name="oeel.vendno" type="decimal">42023</NameValue>
					</Property>
					<Property>
						<NameValue name="oeel.warrexchgfl" type="logical">false</NameValue>
					</Property>
					<Property>
						<NameValue name="oeel.whse" type="string">0200</NameValue>
					</Property>
					<Property>
						<NameValue name="oeel.wtcono" type="integer">10</NameValue>
					</Property>
					<Property>
						<NameValue name="SXe_edil_edilineno" type="SX">0</NameValue>
					</Property>
					<Property>
						<NameValue name="SXe_edil_lnacktype" type="SX">IA</NameValue>
					</Property>
				</UserArea>
				<ShipFromParty>
					<Location>
						<ID accountingEntity="10">0200</ID>
					</Location>
				</ShipFromParty>
				<SupplierParty>
					<PartyIDs>
						<ID accountingEntity="10">42023</ID>
					</PartyIDs>
					<SalesContact>
						<ID accountingEntity="10">HDPH</ID>
						<Name languageID="en-US">ALEXANDRA DZIGDA</Name>
					</SalesContact>
				</SupplierParty>
				<OpenQuantity unitCode="BAG">1.00</OpenQuantity>
				<OpenBaseUOMQuantity unitCode="EACH">1.00</OpenBaseUOMQuantity>
				<ShippedQuantity unitCode="BAG">0.00</ShippedQuantity>
				<ShippedBaseUOMQuantity unitCode="EACH">0.00</ShippedBaseUOMQuantity>
				<PricingAmount>
					<UnitPretaxAmount currencyID="CAD">3.20000</UnitPretaxAmount>
					<UnitPretaxBaseAmount currencyID="CAD">3.20000</UnitPretaxBaseAmount>
					<UnitPretaxReportAmount currencyID="CAD">3.20000</UnitPretaxReportAmount>
					<TotalPretaxAmount currencyID="CAD">3.20000</TotalPretaxAmount>
					<TotalPretaxBaseAmount currencyID="CAD">3.20000</TotalPretaxBaseAmount>
					<TotalPretaxReportAmount currencyID="CAD">3.20000</TotalPretaxReportAmount>
				</PricingAmount>
				<BaseCurrencyAmount type="ExtendedAmount">
					<Amount currencyID="CAD">3.20</Amount>
				</BaseCurrencyAmount>
				<BaseCurrencyAmount type="ExtendedPretaxAmount">
					<Amount currencyID="CAD">3.20</Amount>
				</BaseCurrencyAmount>
				<BaseCurrencyAmount type="TotalAmount">
					<Amount currencyID="CAD">3.20</Amount>
				</BaseCurrencyAmount>
				<OrderLineCategoryCode>42023</OrderLineCategoryCode>
				<OutsourcingInformation>
					<SupplierParty>
						<PartyIDs>
							<ID schemeName="Vendor">42023</ID>
						</PartyIDs>
					</SupplierParty>
				</OutsourcingInformation>
				<DropShipIndicator>false</DropShipIndicator>
			</SalesOrderLine>
			<SalesOrderLine>
				<LineNumber>2</LineNumber>
				<DocumentReference type="PurchaseOrder">
					<DocumentID>
						<ID>468981</ID>
					</DocumentID>
					<LineNumber>4</LineNumber>
				</DocumentReference>
				<Status>
					<Code>Hold</Code>
					<EffectiveDateTime>2024-02-01</EffectiveDateTime>
				</Status>
				<Reference>
					<NameValue name="SXe.CountryofOrigin" type="string">ca</NameValue>
				</Reference>
				<Item>
					<ItemID>
						<ID accountingEntity="10" schemeName="NonStock">312232679</ID>
					</ItemID>
					<Description languageID="en-US">1-1/2&quot; CLOSET SPUD</Description>
					<Packaging>
						<PerPackageQuantity unitCode="EA">1.00000</PerPackageQuantity>
					</Packaging>
				</Item>
				<Quantity unitCode="EA">50.00</Quantity>
				<BaseUOMQuantity unitCode="EACH">50.00</BaseUOMQuantity>
				<AuxiliaryQuantity unitCode="EACH">0.00000</AuxiliaryQuantity>
				<UnitPrice>
					<Amount currencyID="CAD">14.60000</Amount>
					<BaseAmount currencyID="CAD">14.60000</BaseAmount>
					<ReportAmount currencyID="CAD">14.60000</ReportAmount>
					<PerQuantity unitCode="EA">1.000000</PerQuantity>
				</UnitPrice>
				<PriceOverrideIndicator>true</PriceOverrideIndicator>
				<ExtendedAmount currencyID="CAD">730.00</ExtendedAmount>
				<ExtendedBaseAmount currencyID="CAD">730.00</ExtendedBaseAmount>
				<ExtendedReportAmount currencyID="CAD">730.00</ExtendedReportAmount>
				<TotalAmount currencyID="CAD">730.00</TotalAmount>
				<TotalBaseAmount currencyID="CAD">730.00</TotalBaseAmount>
				<TotalReportAmount currencyID="CAD">730.00</TotalReportAmount>
				<RequestedShipDateTime>2024-01-09</RequestedShipDateTime>
				<RequiredDeliveryDateTime>2024-01-09</RequiredDeliveryDateTime>
				<PartialShipmentAllowedIndicator>false</PartialShipmentAllowedIndicator>
				<PromisedShipDateTime>2024-01-09</PromisedShipDateTime>
				<LineSourcing>
					<SupplierParty>
						<PartyIDs>
							<ID schemeName="Supplier">42023</ID>
						</PartyIDs>
					</SupplierParty>
				</LineSourcing>
				<BackOrderIndicator>false</BackOrderIndicator>
				<UserArea>
					<Property>
						<NameValue name="oeel.arpprodline" type="string">STOCK</NameValue>
					</Property>
					<Property>
						<NameValue name="oeel.arpvendno" type="decimal">42023</NameValue>
					</Property>
					<Property>
						<NameValue name="oeel.botype" type="string">y</NameValue>
					</Property>
					<Property>
						<NameValue name="oeel.cataddfl" type="logical">false</NameValue>
					</Property>
					<Property>
						<NameValue name="oeel.catchweightfl" type="logical">false</NameValue>
					</Property>
					<Property>
						<NameValue name="oeel.catwtfl" type="logical">false</NameValue>
					</Property>
					<Property>
						<NameValue name="oeel.cfgaddfl" type="logical">false</NameValue>
					</Property>
					<Property>
						<NameValue name="oeel.cfgkitfl" type="logical">false</NameValue>
					</Property>
					<Property>
						<NameValue name="oeel.chgqtyfl" type="logical">false</NameValue>
					</Property>
					<Property>
						<NameValue name="oeel.commentfl" type="logical">false</NameValue>
					</Property>
					<Property>
						<NameValue name="oeel.commmanfl" type="logical">false</NameValue>
					</Property>
					<Property>
						<NameValue name="oeel.commpaidfl" type="logical">false</NameValue>
					</Property>
					<Property>
						<NameValue name="oeel.commpaidinfl" type="logical">false</NameValue>
					</Property>
					<Property>
						<NameValue name="oeel.confirmctnfl" type="logical">false</NameValue>
					</Property>
					<Property>
						<NameValue name="oeel.cono" type="integer">10</NameValue>
					</Property>
					<Property>
						<NameValue name="oeel.corechgty" type="string">n</NameValue>
					</Property>
					<Property>
						<NameValue name="oeel.costoverfl" type="logical">true</NameValue>
					</Property>
					<Property>
						<NameValue name="oeel.countryoforigin" type="string">ca</NameValue>
					</Property>
					<Property>
						<NameValue name="oeel.custno" type="decimal">171114</NameValue>
					</Property>
					<Property>
						<NameValue name="oeel.cutfl" type="logical">false</NameValue>
					</Property>
					<Property>
						<NameValue name="oeel.delayresrvfl" type="logical">false</NameValue>
					</Property>
					<Property>
						<NameValue name="oeel.discoverfl" type="logical">true</NameValue>
					</Property>
					<Property>
						<NameValue name="oeel.disctype" type="logical">false</NameValue>
					</Property>
					<Property>
						<NameValue name="oeel.ehfinaddonfl" type="logical">true</NameValue>
					</Property>
					<Property>
						<NameValue name="oeel.enterdt" type="date">2024-02-01</NameValue>
					</Property>
					<Property>
						<NameValue name="oeel.enterdttz" type="datetime-tz">02/01/2024 14:33:48.393-05:00</NameValue>
					</Property>
					<Property>
						<NameValue name="oeel.gststatus" type="logical">true</NameValue>
					</Property>
					<Property>
						<NameValue name="oeel.hardpricefl" type="logical">false</NameValue>
					</Property>
					<Property>
						<NameValue name="oeel.icspecrecno" type="integer">1</NameValue>
					</Property>
					<Property>
						<NameValue name="oeel.jitpickfl" type="logical">false</NameValue>
					</Property>
					<Property>
						<NameValue name="oeel.kitfl" type="logical">false</NameValue>
					</Property>
					<Property>
						<NameValue name="oeel.linealtno" type="integer">4</NameValue>
					</Property>
					<Property>
						<NameValue name="oeel.lineno" type="integer">2</NameValue>
					</Property>
					<Property>
						<NameValue name="oeel.mancommoverfl" type="logical">false</NameValue>
					</Property>
					<Property>
						<NameValue name="oeel.mancommratefl" type="logical">false</NameValue>
					</Property>
					<Property>
						<NameValue name="oeel.mancommrecno" type="int64">0</NameValue>
					</Property>
					<Property>
						<NameValue name="oeel.netamt" type="decimal">730</NameValue>
					</Property>
					<Property>
						<NameValue name="oeel.netord" type="decimal">730</NameValue>
					</Property>
					<Property>
						<NameValue name="oeel.nonstkaddfl" type="logical">false</NameValue>
					</Property>
					<Property>
						<NameValue name="oeel.nonstkrevfl" type="logical">false</NameValue>
					</Property>
					<Property>
						<NameValue name="oeel.notimeschg" type="integer">2</NameValue>
					</Property>
					<Property>
						<NameValue name="oeel.npfl" type="logical">false</NameValue>
					</Property>
					<Property>
						<NameValue name="oeel.orderaltno" type="integer">468981</NameValue>
					</Property>
					<Property>
						<NameValue name="oeel.orderno" type="integer">3686262</NameValue>
					</Property>
					<Property>
						<NameValue name="oeel.ordertype" type="string">p</NameValue>
					</Property>
					<Property>
						<NameValue name="oeel.origlineno" type="integer">2</NameValue>
					</Property>
					<Property>
						<NameValue name="oeel.origpromisedt" type="date">2024-01-09</NameValue>
					</Property>
					<Property>
						<NameValue name="oeel.origpromisedttz" type="datetime-tz">01/09/2024 14:33:48.802-05:00</NameValue>
					</Property>
					<Property>
						<NameValue name="oeel.ostkqtyship" type="decimal">36</NameValue>
					</Property>
					<Property>
						<NameValue name="oeel.price" type="decimal">14.6</NameValue>
					</Property>
					<Property>
						<NameValue name="oeel.priceorigcd" type="string">O</NameValue>
					</Property>
					<Property>
						<NameValue name="oeel.priceoverfl" type="logical">true</NameValue>
					</Property>
					<Property>
						<NameValue name="oeel.pricetype" type="string">PPSO</NameValue>
					</Property>
					<Property>
						<NameValue name="oeel.printpckfl" type="logical">true</NameValue>
					</Property>
					<Property>
						<NameValue name="oeel.printpricefl" type="logical">true</NameValue>
					</Property>
					<Property>
						<NameValue name="oeel.prodcat" type="string">P099</NameValue>
					</Property>
					<Property>
						<NameValue name="oeel.prodcost" type="decimal">8.02394</NameValue>
					</Property>
					<Property>
						<NameValue name="oeel.proddesc" type="string">1-1/2&quot; CLOSET SPUD</NameValue>
					</Property>
					<Property>
						<NameValue name="oeel.prodline" type="string">STOCK</NameValue>
					</Property>
					<Property>
						<NameValue name="oeel.promofl" type="logical">false</NameValue>
					</Property>
					<Property>
						<NameValue name="oeel.ptlkitbofl" type="logical">false</NameValue>
					</Property>
					<Property>
						<NameValue name="oeel.qtyord" type="decimal">50</NameValue>
					</Property>
					<Property>
						<NameValue name="oeel.qtyship" type="decimal">50</NameValue>
					</Property>
					<Property>
						<NameValue name="oeel.rcvglcost" type="decimal">8.05971</NameValue>
					</Property>
					<Property>
						<NameValue name="oeel.restockfl" type="logical">true</NameValue>
					</Property>
					<Property>
						<NameValue name="oeel.returnfl" type="logical">false</NameValue>
					</Property>
					<Property>
						<NameValue name="oeel.rushfl" type="logical">false</NameValue>
					</Property>
					<Property>
						<NameValue name="oeel.shipcompfl" type="logical">false</NameValue>
					</Property>
					<Property>
						<NameValue name="oeel.shipprod" type="string">312232679</NameValue>
					</Property>
					<Property>
						<NameValue name="oeel.shipto" type="string">100</NameValue>
					</Property>
					<Property>
						<NameValue name="oeel.shpqtyoverfl" type="logical">false</NameValue>
					</Property>
					<Property>
						<NameValue name="oeel.slsrepin" type="string">HDPH</NameValue>
					</Property>
					<Property>
						<NameValue name="oeel.slsrepout" type="string">TO10</NameValue>
					</Property>
					<Property>
						<NameValue name="oeel.specnstype" type="string">n</NameValue>
					</Property>
					<Property>
						<NameValue name="oeel.srborfl" type="logical">false</NameValue>
					</Property>
					<Property>
						<NameValue name="oeel.sroassemblyfl" type="logical">false</NameValue>
					</Property>
					<Property>
						<NameValue name="oeel.statustype" type="string">a</NameValue>
					</Property>
					<Property>
						<NameValue name="oeel.stkqtyord" type="decimal">50</NameValue>
					</Property>
					<Property>
						<NameValue name="oeel.stkqtyship" type="decimal">50</NameValue>
					</Property>
					<Property>
						<NameValue name="oeel.subtotalfl" type="logical">false</NameValue>
					</Property>
					<Property>
						<NameValue name="oeel.systempdcostamt" type="decimal">7.97427</NameValue>
					</Property>
					<Property>
						<NameValue name="oeel.systempdcostty" type="string">A</NameValue>
					</Property>
					<Property>
						<NameValue name="oeel.systempriceonamount" type="decimal">15.76</NameValue>
					</Property>
					<Property>
						<NameValue name="oeel.systempriceonty" type="string">B</NameValue>
					</Property>
					<Property>
						<NameValue name="oeel.tallyfl" type="logical">false</NameValue>
					</Property>
					<Property>
						<NameValue name="oeel.taxablefl" type="logical">true</NameValue>
					</Property>
					<Property>
						<NameValue name="oeel.taxadjfl" type="logical">false</NameValue>
					</Property>
					<Property>
						<NameValue name="oeel.taxgroup" type="integer">1</NameValue>
					</Property>
					<Property>
						<NameValue name="oeel.taxweight" type="decimal">1</NameValue>
					</Property>
					<Property>
						<NameValue name="oeel.transtype" type="string">so</NameValue>
					</Property>
					<Property>
						<NameValue name="oeel.unit" type="string">EA</NameValue>
					</Property>
					<Property>
						<NameValue name="oeel.unitconv" type="decimal">1</NameValue>
					</Property>
					<Property>
						<NameValue name="oeel.usagefl" type="logical">true</NameValue>
					</Property>
					<Property>
						<NameValue name="oeel.vendno" type="decimal">42023</NameValue>
					</Property>
					<Property>
						<NameValue name="oeel.warrexchgfl" type="logical">false</NameValue>
					</Property>
					<Property>
						<NameValue name="oeel.whse" type="string">0200</NameValue>
					</Property>
					<Property>
						<NameValue name="oeel.wtcono" type="integer">10</NameValue>
					</Property>
					<Property>
						<NameValue name="SXe_edil_edilineno" type="SX">0</NameValue>
					</Property>
					<Property>
						<NameValue name="SXe_edil_lnacktype" type="SX">IA</NameValue>
					</Property>
				</UserArea>
				<ShipFromParty>
					<Location>
						<ID accountingEntity="10">0200</ID>
					</Location>
				</ShipFromParty>
				<SupplierParty>
					<PartyIDs>
						<ID accountingEntity="10">42023</ID>
					</PartyIDs>
					<SalesContact>
						<ID accountingEntity="10">HDPH</ID>
						<Name languageID="en-US">ALEXANDRA DZIGDA</Name>
					</SalesContact>
				</SupplierParty>
				<OpenQuantity unitCode="EA">50.00</OpenQuantity>
				<OpenBaseUOMQuantity unitCode="EACH">50.00</OpenBaseUOMQuantity>
				<ShippedQuantity unitCode="EA">0.00</ShippedQuantity>
				<ShippedBaseUOMQuantity unitCode="EACH">0.00</ShippedBaseUOMQuantity>
				<PricingAmount>
					<UnitPretaxAmount currencyID="CAD">14.60000</UnitPretaxAmount>
					<UnitPretaxBaseAmount currencyID="CAD">14.60000</UnitPretaxBaseAmount>
					<UnitPretaxReportAmount currencyID="CAD">14.60000</UnitPretaxReportAmount>
					<TotalPretaxAmount currencyID="CAD">730.00000</TotalPretaxAmount>
					<TotalPretaxBaseAmount currencyID="CAD">730.00000</TotalPretaxBaseAmount>
					<TotalPretaxReportAmount currencyID="CAD">730.00000</TotalPretaxReportAmount>
				</PricingAmount>
				<BaseCurrencyAmount type="ExtendedAmount">
					<Amount currencyID="CAD">730.00</Amount>
				</BaseCurrencyAmount>
				<BaseCurrencyAmount type="ExtendedPretaxAmount">
					<Amount currencyID="CAD">730.00</Amount>
				</BaseCurrencyAmount>
				<BaseCurrencyAmount type="TotalAmount">
					<Amount currencyID="CAD">730.00</Amount>
				</BaseCurrencyAmount>
				<OrderLineCategoryCode>42023</OrderLineCategoryCode>
				<OutsourcingInformation>
					<SupplierParty>
						<PartyIDs>
							<ID schemeName="Vendor">42023</ID>
						</PartyIDs>
					</SupplierParty>
				</OutsourcingInformation>
				<DropShipIndicator>false</DropShipIndicator>
			</SalesOrderLine>
		</SalesOrder>
	</DataArea>
</SyncSalesOrder>